{
	"credit": "Made with Blockbench",
	"textures": {
		"0": "block/cherry_trapdoor",
		"1": "block/cherry_trapdoor/cherry_trapdoor_out",
		"2": "block/cherry_trapdoor/cherry_trapdoor_in",
		"particle": "block/cherry_trapdoor"
	},
	"elements": [
		{
			"from": [0, 0, 0],
			"to": [16, 3, 4],
			"faces": {
				"north": {"uv": [0, 12, 16, 15], "texture": "#1"},
				"east": {"uv": [12, 0, 16, 3], "texture": "#1"},
				"south": {"uv": [0, 12, 16, 15], "texture": "#2"},
				"west": {"uv": [0, 8, 4, 11], "texture": "#1"},
				"up": {"uv": [16, 16, 0, 12], "texture": "#0"},
				"down": {"uv": [16, 12, 0, 16], "texture": "#0"}
			}
		},
		{
			"from": [12, 0, 4],
			"to": [16, 3, 12],
			"rotation": {"angle": 0, "axis": "y", "origin": [14, 0, 4]},
			"faces": {
				"north": {"uv": [0, 0, 4, 3], "texture": "#missing"},
				"east": {"uv": [4, 0, 12, 3], "texture": "#1"},
				"south": {"uv": [0, 0, 4, 3], "texture": "#missing"},
				"west": {"uv": [4, 0, 12, 3], "texture": "#2"},
				"up": {"uv": [4, 12, 0, 4], "texture": "#0"},
				"down": {"uv": [16, 4, 12, 12], "texture": "#0"}
			}
		},
		{
			"from": [0, 0, 4],
			"to": [4, 3, 12],
			"rotation": {"angle": 0, "axis": "y", "origin": [0, 0, 4]},
			"faces": {
				"north": {"uv": [0, 0, 4, 3], "texture": "#missing"},
				"east": {"uv": [4, 8, 12, 11], "texture": "#2"},
				"south": {"uv": [0, 0, 4, 3], "texture": "#missing"},
				"west": {"uv": [4, 8, 12, 11], "texture": "#1"},
				"up": {"uv": [16, 12, 12, 4], "texture": "#0"},
				"down": {"uv": [4, 4, 0, 12], "texture": "#0"}
			}
		},
		{
			"from": [0, 0, 12],
			"to": [16, 3, 16],
			"rotation": {"angle": 0, "axis": "y", "origin": [0, 0, 12]},
			"faces": {
				"north": {"uv": [0, 4, 16, 7], "texture": "#2"},
				"east": {"uv": [0, 0, 4, 3], "texture": "#1"},
				"south": {"uv": [0, 4, 16, 7], "texture": "#1"},
				"west": {"uv": [12, 8, 16, 11], "texture": "#1"},
				"up": {"uv": [16, 4, 0, 0], "texture": "#0"},
				"down": {"uv": [16, 0, 0, 4], "texture": "#0"}
			}
		},
		{
			"from": [4, 1.5, 4],
			"to": [12, 1.5, 12],
			"rotation": {"angle": 0, "axis": "y", "origin": [4, 0, 4]},
			"faces": {
				"north": {"uv": [0, 0, 8, 0], "texture": "#missing"},
				"east": {"uv": [0, 0, 8, 0], "texture": "#missing"},
				"south": {"uv": [0, 0, 8, 0], "texture": "#missing"},
				"west": {"uv": [0, 0, 8, 0], "texture": "#missing"},
				"up": {"uv": [4, 12, 12, 4], "texture": "#0"},
				"down": {"uv": [12, 4, 4, 12], "texture": "#0"}
			}
		}
	]
}