{
	"credit": "Made with Blockbench",
	"textures": {
		"0": "block/birch_trapdoor",
		"1": "block/birch_trapdoor/birch_trapdoor_in",
		"2": "block/birch_trapdoor/birch_trapdoor_out",
		"particle": "block/birch_trapdoor"
	},
	"elements": [
		{
			"from": [0, 13, 13],
			"to": [16, 16, 16],
			"rotation": {"angle": 0, "axis": "y", "origin": [16, 16, 16]},
			"faces": {
				"north": {"uv": [0, 0, 16, 3], "texture": "#0"},
				"east": {"uv": [0, 0, 3, 3], "rotation": 90, "texture": "#2"},
				"south": {"uv": [0, 3, 16, 0], "rotation": 180, "texture": "#0"},
				"west": {"uv": [13, 8, 16, 11], "rotation": 270, "texture": "#2"},
				"up": {"uv": [0, 4, 16, 7], "texture": "#2"},
				"down": {"uv": [0, 4, 16, 7], "rotation": 180, "texture": "#1"}
			}
		},
		{
			"from": [0, 3, 13],
			"to": [3, 13, 16],
			"rotation": {"angle": 0, "axis": "y", "origin": [2, 13, 16]},
			"faces": {
				"north": {"uv": [13, 3, 16, 13], "texture": "#0"},
				"east": {"uv": [3, 8, 13, 11], "rotation": 90, "texture": "#1"},
				"south": {"uv": [13, 13, 16, 3], "rotation": 180, "texture": "#0"},
				"west": {"uv": [3, 8, 13, 11], "rotation": 270, "texture": "#2"},
				"up": {"uv": [0, 0, 3, 3], "texture": "#missing"},
				"down": {"uv": [0, 0, 3, 3], "rotation": 180, "texture": "#missing"}
			}
		},
		{
			"from": [13, 3, 13],
			"to": [16, 13, 16],
			"rotation": {"angle": 0, "axis": "y", "origin": [16, 5, 16]},
			"faces": {
				"north": {"uv": [0, 3, 3, 13], "texture": "#0"},
				"east": {"uv": [3, 0, 13, 3], "rotation": 90, "texture": "#2"},
				"south": {"uv": [0, 13, 3, 3], "rotation": 180, "texture": "#0"},
				"west": {"uv": [3, 0, 13, 3], "rotation": 270, "texture": "#1"},
				"up": {"uv": [0, 0, 3, 3], "texture": "#missing"},
				"down": {"uv": [0, 0, 3, 3], "rotation": 180, "texture": "#missing"}
			}
		},
		{
			"from": [0, 0, 13],
			"to": [16, 3, 16],
			"rotation": {"angle": 0, "axis": "y", "origin": [16, 2, 16]},
			"faces": {
				"north": {"uv": [0, 13, 16, 16], "texture": "#0"},
				"east": {"uv": [13, 0, 16, 3], "rotation": 90, "texture": "#2"},
				"south": {"uv": [0, 16, 16, 13], "rotation": 180, "texture": "#0"},
				"west": {"uv": [0, 8, 3, 11], "rotation": 270, "texture": "#2"},
				"up": {"uv": [0, 12, 16, 15], "texture": "#1"},
				"down": {"uv": [0, 12, 16, 15], "rotation": 180, "texture": "#2"}
			}
		},
		{
			"from": [5, 3, 13],
			"to": [11, 4, 16],
			"rotation": {"angle": 0, "axis": "y", "origin": [9, 4, 16]},
			"faces": {
				"north": {"uv": [5, 12, 11, 13], "texture": "#0"},
				"east": {"uv": [0, 12, 1, 15], "rotation": 90, "texture": "#1"},
				"south": {"uv": [5, 13, 11, 12], "rotation": 180, "texture": "#0"},
				"west": {"uv": [15, 12, 16, 15], "rotation": 270, "texture": "#1"},
				"up": {"uv": [5, 12, 11, 15], "texture": "#1"},
				"down": {"uv": [0, 0, 6, 3], "rotation": 180, "texture": "#missing"}
			}
		},
		{
			"from": [3, 3, 14],
			"to": [13, 13, 15],
			"rotation": {"angle": 0, "axis": "y", "origin": [11, 6, 16]},
			"faces": {
				"north": {"uv": [3, 3, 13, 13], "texture": "#0"},
				"east": {"uv": [0, 0, 10, 1], "rotation": 90, "texture": "#missing"},
				"south": {"uv": [3, 13, 13, 3], "rotation": 180, "texture": "#0"},
				"west": {"uv": [0, 0, 10, 1], "rotation": 270, "texture": "#missing"},
				"up": {"uv": [0, 0, 10, 1], "texture": "#missing"},
				"down": {"uv": [0, 0, 10, 1], "rotation": 180, "texture": "#missing"}
			}
		}
	]
}