{
	"credit": "Made with Blockbench",
	"textures": {
		"texture": "block/lily_pad/lily_pad_2",
		"particle": "block/lily_pad/lily_pad_2"
	},
	"elements": [
		{
			"name": "1",
			"from": [2, 0, 1],
			"to": [4, 0.25, 4],
			"rotation": {"angle": 0, "axis": "y", "origin": [2, 0, 2]},
			"faces": {
				"north": {"uv": [2, 1, 4, 1.25], "texture": "#texture", "tintindex": 0},
				"east": {"uv": [3, 1, 3.25, 4], "rotation": 90, "texture": "#texture", "tintindex": 0},
				"west": {"uv": [2, 1, 2.25, 4], "rotation": 270, "texture": "#texture", "tintindex": 0},
				"up": {"uv": [2, 1, 4, 4], "texture": "#texture", "tintindex": 0},
				"down": {"uv": [2, 4, 4, 1], "texture": "#texture", "tintindex": 0}
			}
		},
		{
			"name": "2",
			"from": [2, 0, 4],
			"to": [4, 0.25, 5],
			"rotation": {"angle": 0, "axis": "y", "origin": [2, 0, 3]},
			"faces": {
				"east": {"uv": [3, 4, 3.25, 5], "rotation": 90, "texture": "#texture", "tintindex": 0},
				"south": {"uv": [2, 4, 4, 4.25], "texture": "#texture", "tintindex": 0},
				"west": {"uv": [2, 4, 2.25, 5], "rotation": 270, "texture": "#texture", "tintindex": 0},
				"up": {"uv": [2, 4, 4, 5], "texture": "#texture", "tintindex": 0},
				"down": {"uv": [2, 5, 4, 4], "texture": "#texture", "tintindex": 0}
			}
		},
		{
			"name": "3",
			"from": [4, 0, 2],
			"to": [5, 0.25, 4],
			"rotation": {"angle": 0, "axis": "y", "origin": [4, 0, 2]},
			"faces": {
				"north": {"uv": [4, 2, 5, 2.25], "texture": "#texture", "tintindex": 0},
				"east": {"uv": [4, 2, 4.25, 4], "rotation": 90, "texture": "#texture", "tintindex": 0},
				"south": {"uv": [4, 3, 5, 3.25], "texture": "#texture", "tintindex": 0},
				"up": {"uv": [4, 2, 5, 4], "texture": "#texture", "tintindex": 0},
				"down": {"uv": [4, 4, 5, 2], "texture": "#texture", "tintindex": 0}
			}
		},
		{
			"name": "4",
			"from": [1, 0, 2],
			"to": [2, 0.25, 4],
			"rotation": {"angle": 0, "axis": "y", "origin": [1, 0, 2]},
			"faces": {
				"north": {"uv": [1, 3, 2, 3.25], "texture": "#texture", "tintindex": 0},
				"south": {"uv": [1, 3, 2, 3.25], "texture": "#texture", "tintindex": 0},
				"west": {"uv": [1, 2, 1.25, 4], "rotation": 270, "texture": "#texture", "tintindex": 0},
				"up": {"uv": [1, 2, 2, 4], "texture": "#texture", "tintindex": 0},
				"down": {"uv": [1, 4, 2, 2], "texture": "#texture", "tintindex": 0}
			}
		},
		{
			"name": "2",
			"from": [2, 0, 8],
			"to": [3, 0.25, 10],
			"rotation": {"angle": 0, "axis": "y", "origin": [2, 0, 8]},
			"faces": {
				"north": {"uv": [2, 8, 3, 8.25], "texture": "#texture", "tintindex": 0},
				"east": {"uv": [2, 8, 2.25, 10], "rotation": 90, "texture": "#texture", "tintindex": 0},
				"west": {"uv": [2, 8, 2.25, 10], "rotation": 270, "texture": "#texture", "tintindex": 0},
				"up": {"uv": [2, 8, 3, 10], "texture": "#texture", "tintindex": 0},
				"down": {"uv": [2, 10, 3, 8], "texture": "#texture", "tintindex": 0}
			}
		},
		{
			"name": "3",
			"from": [1, 0, 9],
			"to": [2, 0.25, 10],
			"rotation": {"angle": 0, "axis": "y", "origin": [1, 0, 8]},
			"faces": {
				"north": {"uv": [1, 9, 2, 9.25], "texture": "#texture", "tintindex": 0},
				"south": {"uv": [1, 9, 2, 9.25], "texture": "#texture", "tintindex": 0},
				"west": {"uv": [1, 9, 1.25, 10], "rotation": 270, "texture": "#texture", "tintindex": 0},
				"up": {"uv": [1, 9, 2, 10], "texture": "#texture", "tintindex": 0},
				"down": {"uv": [1, 10, 2, 9], "texture": "#texture", "tintindex": 0}
			}
		},
		{
			"name": "4",
			"from": [2, 0, 10],
			"to": [3, 0.25, 11],
			"rotation": {"angle": 0, "axis": "y", "origin": [2, 0, 9]},
			"faces": {
				"east": {"uv": [2, 10, 2.25, 11], "rotation": 90, "texture": "#texture", "tintindex": 0},
				"south": {"uv": [2, 10, 3, 10.25], "texture": "#texture", "tintindex": 0},
				"west": {"uv": [2, 10, 2.25, 11], "rotation": 270, "texture": "#texture", "tintindex": 0},
				"up": {"uv": [2, 10, 3, 11], "texture": "#texture", "tintindex": 0},
				"down": {"uv": [2, 9, 3, 8], "texture": "#texture", "tintindex": 0}
			}
		},
		{
			"name": "5",
			"from": [3, 0, 9],
			"to": [4, 0.25, 10],
			"rotation": {"angle": 0, "axis": "y", "origin": [3, 0, 8]},
			"faces": {
				"north": {"uv": [3, 9, 4, 9.25], "texture": "#texture", "tintindex": 0},
				"east": {"uv": [3, 9, 3.25, 10], "rotation": 90, "texture": "#texture", "tintindex": 0},
				"south": {"uv": [3, 9, 4, 9.25], "texture": "#texture", "tintindex": 0},
				"up": {"uv": [3, 9, 4, 10], "texture": "#texture", "tintindex": 0},
				"down": {"uv": [3, 10, 4, 9], "texture": "#texture", "tintindex": 0}
			}
		},
		{
			"name": "1",
			"from": [4, 0, 12],
			"to": [5, 0.25, 14],
			"rotation": {"angle": 0, "axis": "y", "origin": [4, 0, 12]},
			"faces": {
				"north": {"uv": [4, 12, 5, 12.25], "texture": "#texture", "tintindex": 0},
				"east": {"uv": [4, 12, 4.25, 14], "rotation": 90, "texture": "#texture", "tintindex": 0},
				"west": {"uv": [4, 12, 4.25, 14], "rotation": 270, "texture": "#texture", "tintindex": 0},
				"up": {"uv": [4, 12, 5, 14], "texture": "#texture", "tintindex": 0},
				"down": {"uv": [4, 14, 5, 12], "texture": "#texture", "tintindex": 0}
			}
		},
		{
			"name": "2",
			"from": [3, 0, 13],
			"to": [4, 0.25, 14],
			"rotation": {"angle": 0, "axis": "y", "origin": [3, 0, 12]},
			"faces": {
				"north": {"uv": [3, 13, 4, 13.25], "texture": "#texture", "tintindex": 0},
				"south": {"uv": [3, 13, 4, 13.25], "texture": "#texture", "tintindex": 0},
				"west": {"uv": [3, 13, 3.25, 14], "rotation": 270, "texture": "#texture", "tintindex": 0},
				"up": {"uv": [3, 13, 4, 14], "texture": "#texture", "tintindex": 0},
				"down": {"uv": [5, 14, 6, 13], "texture": "#texture", "tintindex": 0}
			}
		},
		{
			"name": "3",
			"from": [4, 0, 14],
			"to": [5, 0.25, 15],
			"rotation": {"angle": 0, "axis": "y", "origin": [4, 0, 13]},
			"faces": {
				"east": {"uv": [4, 14, 4.25, 15], "rotation": 90, "texture": "#texture", "tintindex": 0},
				"south": {"uv": [4, 14, 5, 14.25], "texture": "#texture", "tintindex": 0},
				"west": {"uv": [2, 10, 2.25, 11], "rotation": 270, "texture": "#texture", "tintindex": 0},
				"up": {"uv": [4, 14, 5, 15], "texture": "#texture", "tintindex": 0},
				"down": {"uv": [4, 13, 5, 12], "texture": "#texture", "tintindex": 0}
			}
		},
		{
			"name": "4",
			"from": [5, 0, 13],
			"to": [6, 0.25, 14],
			"rotation": {"angle": 0, "axis": "y", "origin": [5, 0, 12]},
			"faces": {
				"north": {"uv": [5, 13, 6, 13.25], "texture": "#texture", "tintindex": 0},
				"east": {"uv": [5, 13, 5.25, 14], "rotation": 90, "texture": "#texture", "tintindex": 0},
				"south": {"uv": [5, 13, 6, 13.25], "texture": "#texture", "tintindex": 0},
				"up": {"uv": [5, 13, 6, 14], "texture": "#texture", "tintindex": 0},
				"down": {"uv": [3, 14, 4, 13], "texture": "#texture", "tintindex": 0}
			}
		},
		{
			"name": "1",
			"from": [8, 0, 2],
			"to": [13, 0.25, 3],
			"rotation": {"angle": 0, "axis": "y", "origin": [6, 0, 2]},
			"faces": {
				"north": {"uv": [8, 2, 13, 2.25], "texture": "#texture", "tintindex": 0},
				"east": {"uv": [12, 2, 12.25, 3], "rotation": 90, "texture": "#texture", "tintindex": 0},
				"west": {"uv": [8, 2, 8.25, 3], "rotation": 270, "texture": "#texture", "tintindex": 0},
				"up": {"uv": [8, 2, 13, 3], "texture": "#texture", "tintindex": 0},
				"down": {"uv": [8, 3, 13, 2], "texture": "#texture", "tintindex": 0}
			}
		},
		{
			"name": "8",
			"from": [12, 0, 11],
			"to": [14, 0.25, 12],
			"rotation": {"angle": 0, "axis": "y", "origin": [8, 0, 10]},
			"faces": {
				"east": {"uv": [13, 11, 13.25, 12], "rotation": 90, "texture": "#texture", "tintindex": 0},
				"south": {"uv": [12, 11, 14, 11.25], "texture": "#texture", "tintindex": 0},
				"west": {"uv": [12, 11, 12.25, 12], "rotation": 270, "texture": "#texture", "tintindex": 0},
				"up": {"uv": [12, 11, 14, 12], "texture": "#texture", "tintindex": 0},
				"down": {"uv": [12, 12, 14, 11], "texture": "#texture", "tintindex": 0}
			}
		},
		{
			"name": "7",
			"from": [11, 0, 9],
			"to": [15, 0.25, 11],
			"rotation": {"angle": 0, "axis": "y", "origin": [9, 0, 9]},
			"faces": {
				"east": {"uv": [14, 9, 14.25, 11], "rotation": 90, "texture": "#texture", "tintindex": 0},
				"south": {"uv": [11, 10, 15, 10.25], "texture": "#texture", "tintindex": 0},
				"west": {"uv": [11, 9, 11.25, 11], "rotation": 270, "texture": "#texture", "tintindex": 0},
				"up": {"uv": [11, 9, 15, 11], "texture": "#texture", "tintindex": 0},
				"down": {"uv": [11, 11, 15, 9], "texture": "#texture", "tintindex": 0}
			}
		},
		{
			"name": "6",
			"from": [7, 0, 11],
			"to": [9, 0.25, 12],
			"rotation": {"angle": 0, "axis": "y", "origin": [3, 0, 10]},
			"faces": {
				"east": {"uv": [8, 11, 8.25, 12], "rotation": 90, "texture": "#texture", "tintindex": 0},
				"south": {"uv": [7, 11, 9, 11.25], "texture": "#texture", "tintindex": 0},
				"west": {"uv": [7, 11, 7.25, 12], "rotation": 270, "texture": "#texture", "tintindex": 0},
				"up": {"uv": [7, 11, 9, 12], "texture": "#texture", "tintindex": 0},
				"down": {"uv": [7, 12, 9, 11], "texture": "#texture", "tintindex": 0}
			}
		},
		{
			"name": "5",
			"from": [6, 0, 9],
			"to": [10, 0.25, 11],
			"rotation": {"angle": 0, "axis": "y", "origin": [4, 0, 9]},
			"faces": {
				"east": {"uv": [9, 9, 9.25, 11], "rotation": 90, "texture": "#texture", "tintindex": 0},
				"south": {"uv": [6, 10, 10, 10.25], "texture": "#texture", "tintindex": 0},
				"west": {"uv": [6, 9, 6.25, 11], "rotation": 270, "texture": "#texture", "tintindex": 0},
				"up": {"uv": [6, 9, 10, 11], "texture": "#texture", "tintindex": 0},
				"down": {"uv": [6, 11, 10, 9], "texture": "#texture", "tintindex": 0}
			}
		},
		{
			"name": "4",
			"from": [5, 0, 6],
			"to": [16, 0.25, 9],
			"rotation": {"angle": 0, "axis": "y", "origin": [6, 0, 7]},
			"faces": {
				"north": {"uv": [5, 6, 16, 6.25], "texture": "#texture", "tintindex": 0},
				"east": {"uv": [15, 6, 15.25, 9], "rotation": 90, "texture": "#texture", "tintindex": 0},
				"south": {"uv": [5, 8, 16, 8.25], "texture": "#texture", "tintindex": 0},
				"west": {"uv": [5, 6, 5.25, 9], "rotation": 270, "texture": "#texture", "tintindex": 0},
				"up": {"uv": [5, 6, 16, 9], "texture": "#texture", "tintindex": 0},
				"down": {"uv": [5, 9, 16, 6], "texture": "#texture", "tintindex": 0}
			}
		},
		{
			"name": "3",
			"from": [6, 0, 4],
			"to": [15, 0.25, 6],
			"rotation": {"angle": 0, "axis": "y", "origin": [6, 0, 4]},
			"faces": {
				"north": {"uv": [6, 4, 15, 4.25], "texture": "#texture", "tintindex": 0},
				"east": {"uv": [14, 4, 14.25, 6], "rotation": 90, "texture": "#texture", "tintindex": 0},
				"west": {"uv": [6, 4, 6.25, 6], "rotation": 270, "texture": "#texture", "tintindex": 0},
				"up": {"uv": [6, 4, 15, 6], "texture": "#texture", "tintindex": 0},
				"down": {"uv": [6, 6, 15, 4], "texture": "#texture", "tintindex": 0}
			}
		},
		{
			"name": "2",
			"from": [7, 0, 3],
			"to": [14, 0.25, 4],
			"rotation": {"angle": 0, "axis": "y", "origin": [6, 0, 3]},
			"faces": {
				"north": {"uv": [7, 3, 14, 3.25], "texture": "#texture", "tintindex": 0},
				"east": {"uv": [13, 3, 13.25, 4], "rotation": 90, "texture": "#texture", "tintindex": 0},
				"west": {"uv": [7, 3, 7.25, 4], "rotation": 270, "texture": "#texture", "tintindex": 0},
				"up": {"uv": [7, 3, 14, 4], "texture": "#texture", "tintindex": 0},
				"down": {"uv": [7, 4, 14, 3], "texture": "#texture", "tintindex": 0}
			}
		}
	],
	"groups": [
		{
			"name": "A",
			"origin": [2, 0, 2],
			"color": 0,
			"children": [0, 1, 2, 3]
		},
		{
			"name": "B",
			"origin": [2, 0, 2],
			"color": 0,
			"children": [4, 5, 6, 7]
		},
		{
			"name": "C",
			"origin": [2, 0, 2],
			"color": 0,
			"children": [8, 9, 10, 11]
		},
		{
			"name": "D",
			"origin": [6, 0, 2],
			"color": 0,
			"children": [12, 13, 14, 15, 16, 17, 18, 19]
		}
	]
}