{
	"credit": "Made with Blockbench",
	"textures": {
		"texture": "block/lily_pad/lily_pad_3",
		"particle": "block/lily_pad/lily_pad_3"
	},
	"elements": [
		{
			"name": "1",
			"from": [7, 0, 1],
			"to": [11, 0.25, 2],
			"rotation": {"angle": 0, "axis": "y", "origin": [5, 0, 0]},
			"faces": {
				"north": {"uv": [11, 1, 7, 1.25], "texture": "#texture", "tintindex": 0 },
				"east": {"uv": [10, 1, 10.25, 2], "rotation": 270, "texture": "#texture", "tintindex": 0 },
				"west": {"uv": [7, 1, 7.25, 2], "rotation": 90, "texture": "#texture", "tintindex": 0 },
				"up": {"uv": [7, 1, 11, 2], "texture": "#texture", "tintindex": 0 },
				"down": {"uv": [7, 2, 11, 1], "texture": "#texture", "tintindex": 0 }
			}
		},
		{
			"name": "2",
			"from": [5, 0, 2],
			"to": [13, 0.25, 3],
			"rotation": {"angle": 0, "axis": "y", "origin": [5, 0, 1]},
			"faces": {
				"north": {"uv": [13, 2, 5, 2.25], "texture": "#texture", "tintindex": 0 },
				"east": {"uv": [12, 2, 12.25, 3], "rotation": 270, "texture": "#texture", "tintindex": 0 },
				"west": {"uv": [5, 2, 5.25, 3], "rotation": 90, "texture": "#texture", "tintindex": 0 },
				"up": {"uv": [5, 2, 13, 3], "texture": "#texture", "tintindex": 0 },
				"down": {"uv": [5, 3, 13, 2], "texture": "#texture", "tintindex": 0 }
			}
		},
		{
			"name": "3",
			"from": [4, 0, 3],
			"to": [14, 0.25, 4],
			"rotation": {"angle": 0, "axis": "y", "origin": [5, 0, 3]},
			"faces": {
				"north": {"uv": [14, 3, 4, 3.25], "texture": "#texture", "tintindex": 0 },
				"east": {"uv": [13, 3, 13.25, 4], "rotation": 270, "texture": "#texture", "tintindex": 0 },
				"west": {"uv": [4, 3, 4.25, 4], "rotation": 90, "texture": "#texture", "tintindex": 0 },
				"up": {"uv": [4, 3, 14, 4], "texture": "#texture", "tintindex": 0 },
				"down": {"uv": [4, 4, 14, 3], "texture": "#texture", "tintindex": 0 }
			}
		},
		{
			"name": "4",
			"from": [3, 0, 4],
			"to": [14, 0.25, 5],
			"rotation": {"angle": 0, "axis": "y", "origin": [5, 0, 3]},
			"faces": {
				"north": {"uv": [14, 4, 3, 4.25], "texture": "#texture", "tintindex": 0 },
				"east": {"uv": [13, 4, 13.25, 5], "rotation": 270, "texture": "#texture", "tintindex": 0 },
				"west": {"uv": [3, 4, 3.25, 5], "rotation": 90, "texture": "#texture", "tintindex": 0 },
				"up": {"uv": [3, 4, 14, 5], "texture": "#texture", "tintindex": 0 },
				"down": {"uv": [3, 5, 14, 4], "texture": "#texture", "tintindex": 0 }
			}
		},
		{
			"name": "5",
			"from": [3, 0, 5],
			"to": [15, 0.25, 6],
			"rotation": {"angle": 0, "axis": "y", "origin": [5, 0, 4]},
			"faces": {
				"north": {"uv": [15, 5, 3, 5.25], "texture": "#texture", "tintindex": 0 },
				"east": {"uv": [14, 5, 14.25, 6], "rotation": 270, "texture": "#texture", "tintindex": 0 },
				"west": {"uv": [3, 5, 3.25, 6], "rotation": 90, "texture": "#texture", "tintindex": 0 },
				"up": {"uv": [3, 5, 15, 6], "texture": "#texture", "tintindex": 0 },
				"down": {"uv": [3, 6, 15, 5], "texture": "#texture", "tintindex": 0 }
			}
		},
		{
			"name": "6",
			"from": [2, 0, 6],
			"to": [15, 0.25, 9],
			"rotation": {"angle": 0, "axis": "y", "origin": [5, 0, 7]},
			"faces": {
				"north": {"uv": [15, 6, 2, 6.25], "texture": "#texture", "tintindex": 0 },
				"east": {"uv": [14, 6, 14.25, 9], "rotation": 270, "texture": "#texture", "tintindex": 0 },
				"south": {"uv": [2, 8, 15, 8.25], "texture": "#texture", "tintindex": 0 },
				"west": {"uv": [2, 6, 2.25, 9], "rotation": 90, "texture": "#texture", "tintindex": 0 },
				"up": {"uv": [2, 6, 15, 9], "texture": "#texture", "tintindex": 0 },
				"down": {"uv": [2, 9, 15, 6], "texture": "#texture", "tintindex": 0 }
			}
		},
		{
			"name": "7",
			"from": [2, 0, 9],
			"to": [5, 0.25, 10],
			"rotation": {"angle": 0, "axis": "y", "origin": [1, 0, 8]},
			"faces": {
				"east": {"uv": [4, 9, 4.25, 10], "rotation": 270, "texture": "#texture", "tintindex": 0 },
				"south": {"uv": [2, 9, 5, 9.25], "texture": "#texture", "tintindex": 0 },
				"west": {"uv": [2, 9, 2.25, 10], "rotation": 90, "texture": "#texture", "tintindex": 0 },
				"up": {"uv": [2, 9, 5, 10], "texture": "#texture", "tintindex": 0 },
				"down": {"uv": [2, 10, 5, 9], "texture": "#texture", "tintindex": 0 }
			}
		},
		{
			"name": "8",
			"from": [6, 0, 9],
			"to": [14, 0.25, 10],
			"rotation": {"angle": 0, "axis": "y", "origin": [5, 0, 8]},
			"faces": {
				"east": {"uv": [3, 5, 3.25, 6], "rotation": 270, "texture": "#texture", "tintindex": 0 },
				"west": {"uv": [6, 9, 6.25, 10], "rotation": 90, "texture": "#texture", "tintindex": 0 },
				"up": {"uv": [6, 9, 14, 10], "texture": "#texture", "tintindex": 0 },
				"down": {"uv": [6, 10, 14, 9], "texture": "#texture", "tintindex": 0 }
			}
		},
		{
			"name": "9",
			"from": [5, 0, 10],
			"to": [10, 0.25, 14],
			"rotation": {"angle": 0, "axis": "y", "origin": [5, 0, 12]},
			"faces": {
				"north": {"uv": [10, 10, 5, 10.25], "texture": "#texture", "tintindex": 0 },
				"east": {"uv": [7, 1, 7.25, 5], "rotation": 270, "texture": "#texture", "tintindex": 0 },
				"south": {"uv": [5, 13, 10, 13.25], "texture": "#texture", "tintindex": 0 },
				"west": {"uv": [5, 10, 5.25, 14], "rotation": 90, "texture": "#texture", "tintindex": 0 },
				"up": {"uv": [5, 10, 10, 14], "texture": "#texture", "tintindex": 0 },
				"down": {"uv": [5, 14, 10, 10], "texture": "#texture", "tintindex": 0 }
			}
		},
		{
			"name": "10",
			"from": [10, 0, 10],
			"to": [12, 0.25, 13],
			"rotation": {"angle": 0, "axis": "y", "origin": [10, 0, 12]},
			"faces": {
				"east": {"uv": [5, 2, 5.25, 5], "rotation": 270, "texture": "#texture", "tintindex": 0 },
				"south": {"uv": [10, 12, 12, 12.25], "texture": "#texture", "tintindex": 0 },
				"up": {"uv": [10, 10, 12, 13], "texture": "#texture", "tintindex": 0 },
				"down": {"uv": [10, 13, 12, 10], "texture": "#texture", "tintindex": 0 }
			}
		},
		{
			"name": "11",
			"from": [12, 0, 10],
			"to": [13, 0.25, 12],
			"rotation": {"angle": 0, "axis": "y", "origin": [11, 0, 12]},
			"faces": {
				"east": {"uv": [4, 3, 4.25, 4], "rotation": 270, "texture": "#texture", "tintindex": 0 },
				"south": {"uv": [12, 11, 13, 11.25], "texture": "#texture", "tintindex": 0 },
				"up": {"uv": [12, 10, 13, 12], "texture": "#texture", "tintindex": 0 },
				"down": {"uv": [12, 12, 13, 10], "texture": "#texture", "tintindex": 0 }
			}
		},
		{
			"name": "12",
			"from": [13, 0, 10],
			"to": [14, 0.25, 11],
			"rotation": {"angle": 0, "axis": "y", "origin": [12, 0, 12]},
			"faces": {
				"east": {"uv": [3, 4, 3.25, 5], "rotation": 270, "texture": "#texture", "tintindex": 0 },
				"south": {"uv": [13, 10, 14, 10.25], "texture": "#texture", "tintindex": 0 },
				"up": {"uv": [13, 10, 14, 11], "texture": "#texture", "tintindex": 0 },
				"down": {"uv": [13, 11, 14, 10], "texture": "#texture", "tintindex": 0 }
			}
		}
	]
}