{
	"credit": "Made with Blockbench",
	"ambientocclusion": false,
	"textures": {
		"particle": "block/lily_pad",
		"texture": "block/lily_pad"
	},
	"elements": [
		{
			"name": "1",
			"from": [6, 0, 14],
			"to": [11, 0.25, 15],
			"rotation": {"angle": 0, "axis": "y", "origin": [13, 0, 14]},
			"faces": {
				"east": {"uv": [10, 14, 11, 14.25], "texture": "#texture", "tintindex": 0 },
				"south": {"uv": [6, 14, 11, 14.25], "texture": "#texture", "tintindex": 0 },
				"west": {"uv": [6, 14, 7, 14.25], "texture": "#texture", "tintindex": 0 },
				"up": {"uv": [6, 14, 11, 15], "texture": "#texture", "tintindex": 0 },
				"down": {"uv": [6, 14, 11, 15], "texture": "#texture", "tintindex": 0 }
			}
		},
		{
			"name": "2",
			"from": [4, 0, 13],
			"to": [13, 0.25, 14],
			"rotation": {"angle": 0, "axis": "y", "origin": [13, 0, 13]},
			"faces": {
				"east": {"uv": [12, 13, 13, 13.25], "texture": "#texture", "tintindex": 0 },
				"south": {"uv": [4, 13, 13, 13.25], "texture": "#texture", "tintindex": 0 },
				"west": {"uv": [4, 13, 5, 13.25], "texture": "#texture", "tintindex": 0 },
				"up": {"uv": [4, 13, 13, 14], "texture": "#texture", "tintindex": 0 },
				"down": {"uv": [4, 13, 13, 14], "texture": "#texture", "tintindex": 0 }
			}
		},
		{
			"name": "3",
			"from": [3, 0, 11],
			"to": [14, 0.25, 13],
			"rotation": {"angle": 0, "axis": "y", "origin": [13, 0, 11]},
			"faces": {
				"east": {"uv": [13, 11, 13.25, 13], "rotation": 90, "texture": "#texture", "tintindex": 0 },
				"south": {"uv": [3, 12, 14, 12.25], "texture": "#texture", "tintindex": 0 },
				"west": {"uv": [3, 11, 3.25, 13], "rotation": 270, "texture": "#texture", "tintindex": 0 },
				"up": {"uv": [3, 11, 14, 13], "texture": "#texture", "tintindex": 0 },
				"down": {"uv": [3, 11, 14, 13], "texture": "#texture", "tintindex": 0 }
			}
		},
		{
			"name": "4",
			"from": [2, 0, 5],
			"to": [15, 0.25, 11],
			"rotation": {"angle": 0, "axis": "y", "origin": [13, 0, 5]},
			"faces": {
				"north": {"uv": [2, 5, 15, 5.25], "texture": "#texture", "tintindex": 0 },
				"east": {"uv": [14, 5, 14.25, 11], "rotation": 90, "texture": "#texture", "tintindex": 0 },
				"south": {"uv": [2, 10, 15, 10.25], "texture": "#texture", "tintindex": 0 },
				"west": {"uv": [2, 5, 2.25, 11], "rotation": 270, "texture": "#texture", "tintindex": 0 },
				"up": {"uv": [2, 5, 15, 11], "texture": "#texture", "tintindex": 0 },
				"down": {"uv": [2, 11, 15, 5], "texture": "#texture", "tintindex": 0 }
			}
		},
		{
			"name": "L1",
			"from": [9, 0, 4],
			"to": [15, 0.25, 5],
			"rotation": {"angle": 0, "axis": "y", "origin": [13, 0, 4]},
			"faces": {
				"north": {"uv": [2, 4, 8, 4.25], "texture": "#texture", "tintindex": 0 },
				"east": {"uv": [14, 4, 15, 4.25], "texture": "#texture", "tintindex": 0 },
				"west": {"uv": [9, 4, 10, 4.25], "texture": "#texture", "tintindex": 0 },
				"up": {"uv": [9, 4, 15, 5], "texture": "#texture", "tintindex": 0 },
				"down": {"uv": [9, 5, 15, 4], "texture": "#texture", "tintindex": 0 }
			}
		},
		{
			"name": "L2",
			"from": [9, 0, 3],
			"to": [14, 0.25, 4],
			"rotation": {"angle": 0, "axis": "y", "origin": [13, 0, 3]},
			"faces": {
				"north": {"uv": [3, 3, 8, 3.25], "texture": "#texture", "tintindex": 0 },
				"east": {"uv": [13, 3, 14, 3.25], "texture": "#texture", "tintindex": 0 },
				"west": {"uv": [9, 3, 10, 3.25], "texture": "#texture", "tintindex": 0 },
				"up": {"uv": [9, 3, 14, 4], "texture": "#texture", "tintindex": 0 },
				"down": {"uv": [9, 4, 14, 3], "texture": "#texture", "tintindex": 0 }
			}
		},
		{
			"name": "L3",
			"from": [10, 0, 2],
			"to": [14, 0.25, 3],
			"rotation": {"angle": 0, "axis": "y", "origin": [13, 0, 2]},
			"faces": {
				"north": {"uv": [3, 2, 7, 2.25], "texture": "#texture", "tintindex": 0 },
				"east": {"uv": [13, 2, 14, 2.25], "texture": "#texture", "tintindex": 0 },
				"west": {"uv": [10, 2, 11, 2.25], "texture": "#texture", "tintindex": 0 },
				"up": {"uv": [10, 2, 14, 3], "texture": "#texture", "tintindex": 0 },
				"down": {"uv": [10, 3, 14, 2], "texture": "#texture", "tintindex": 0 }
			}
		},
		{
			"name": "L4",
			"from": [10, 0, 1],
			"to": [13, 0.25, 2],
			"rotation": {"angle": 0, "axis": "y", "origin": [13, 0, 1]},
			"faces": {
				"north": {"uv": [4, 1, 7, 1.25], "texture": "#texture", "tintindex": 0 },
				"east": {"uv": [12, 1, 13, 1.25], "texture": "#texture", "tintindex": 0 },
				"west": {"uv": [10, 1, 11, 1.25], "texture": "#texture", "tintindex": 0 },
				"up": {"uv": [10, 1, 13, 2], "texture": "#texture", "tintindex": 0 },
				"down": {"uv": [10, 2, 13, 1], "texture": "#texture", "tintindex": 0 }
			}
		},
		{
			"name": "R1",
			"from": [2, 0, 4],
			"to": [8, 0.25, 5],
			"rotation": {"angle": 0, "axis": "y", "origin": [6, 0, 4]},
			"faces": {
				"north": {"uv": [9, 4, 15, 4.25], "texture": "#texture", "tintindex": 0 },
				"east": {"uv": [7, 4, 8, 4.25], "texture": "#texture", "tintindex": 0 },
				"west": {"uv": [2, 4, 3, 4.25], "texture": "#texture", "tintindex": 0 },
				"up": {"uv": [2, 4, 8, 5], "texture": "#texture", "tintindex": 0 },
				"down": {"uv": [2, 5, 8, 4], "texture": "#texture", "tintindex": 0 }
			}
		},
		{
			"name": "R2",
			"from": [3, 0, 3],
			"to": [8, 0.25, 4],
			"rotation": {"angle": 0, "axis": "y", "origin": [7, 0, 3]},
			"faces": {
				"north": {"uv": [9, 3, 14, 3.25], "texture": "#texture", "tintindex": 0 },
				"east": {"uv": [7, 3, 8, 3.25], "texture": "#texture", "tintindex": 0 },
				"west": {"uv": [3, 3, 4, 3.25], "texture": "#texture", "tintindex": 0 },
				"up": {"uv": [3, 3, 8, 4], "texture": "#texture", "tintindex": 0 },
				"down": {"uv": [3, 4, 8, 3], "texture": "#texture", "tintindex": 0 }
			}
		},
		{
			"name": "R3",
			"from": [3, 0, 2],
			"to": [7, 0.25, 3],
			"rotation": {"angle": 0, "axis": "y", "origin": [6, 0, 2]},
			"faces": {
				"north": {"uv": [10, 2, 14, 2.25], "texture": "#texture", "tintindex": 0 },
				"east": {"uv": [6, 2, 7, 2.25], "texture": "#texture", "tintindex": 0 },
				"west": {"uv": [3, 2, 4, 2.25], "texture": "#texture", "tintindex": 0 },
				"up": {"uv": [3, 2, 7, 3], "texture": "#texture", "tintindex": 0 },
				"down": {"uv": [3, 3, 7, 2], "texture": "#texture", "tintindex": 0 }
			}
		},
		{
			"name": "R4",
			"from": [4, 0, 1],
			"to": [7, 0.25, 2],
			"rotation": {"angle": 0, "axis": "y", "origin": [7, 0, 1]},
			"faces": {
				"north": {"uv": [10, 1, 13, 1.25], "texture": "#texture", "tintindex": 0 },
				"east": {"uv": [6, 1, 7, 1.25], "texture": "#texture", "tintindex": 0 },
				"west": {"uv": [4, 1, 5, 1.25], "texture": "#texture", "tintindex": 0 },
				"up": {"uv": [4, 1, 7, 2], "texture": "#texture", "tintindex": 0 },
				"down": {"uv": [4, 2, 7, 1], "texture": "#texture", "tintindex": 0 }
			}
		}
	]
}