{
	"credit": "Made with Blockbench",
	"textures": {
		"texture": "block/lily_pad/lily_pad_1",
		"particle": "block/lily_pad/lily_pad_1"
	},
	"elements": [
		{
			"name": "1",
			"from": [6, 0, 1],
			"to": [10, 0.25, 2],
			"rotation": {"angle": 0, "axis": "y", "origin": [9, 0, 2]},
			"faces": {
				"north": {"uv": [6, 1, 10, 1.25], "rotation": 180, "texture": "#texture", "tintindex": 0},
				"east": {"uv": [9, 1, 10, 1.25], "texture": "#texture", "tintindex": 0},
				"west": {"uv": [6, 1, 6.25, 2], "rotation": 270, "texture": "#texture", "tintindex": 0},
				"up": {"uv": [6, 1, 10, 2], "texture": "#texture", "tintindex": 0},
				"down": {"uv": [6, 2, 10, 1], "texture": "#texture", "tintindex": 0}
			}
		},
		{
			"name": "2",
			"from": [4, 0, 2],
			"to": [9, 0.25, 7],
			"rotation": {"angle": 0, "axis": "y", "origin": [6, 0, 7]},
			"faces": {
				"north": {"uv": [4, 2, 9, 2.25], "rotation": 180, "texture": "#texture", "tintindex": 0},
				"east": {"uv": [8, 2, 8.25, 7], "rotation": 90, "texture": "#texture", "tintindex": 0},
				"west": {"uv": [4, 2, 4.25, 7], "rotation": 270, "texture": "#texture", "tintindex": 0},
				"up": {"uv": [4, 2, 9, 7], "texture": "#texture", "tintindex": 0},
				"down": {"uv": [4, 8, 9, 3], "texture": "#texture", "tintindex": 0}
			}
		},
		{
			"name": "3",
			"from": [9, 0, 2],
			"to": [11, 0.25, 4],
			"rotation": {"angle": 0, "axis": "y", "origin": [12, 0, 3]},
			"faces": {
				"north": {"uv": [9, 2, 11, 2.25], "rotation": 180, "texture": "#texture", "tintindex": 0},
				"east": {"uv": [10, 2, 10.25, 4], "rotation": 90, "texture": "#texture", "tintindex": 0},
				"south": {"uv": [9, 3, 11, 3.25], "texture": "#texture", "tintindex": 0},
				"up": {"uv": [9, 2, 11, 4], "texture": "#texture", "tintindex": 0},
				"down": {"uv": [9, 4, 11, 2], "texture": "#texture", "tintindex": 0}
			}
		},
		{
			"name": "4",
			"from": [9, 0, 4],
			"to": [10, 0.25, 6],
			"rotation": {"angle": 0, "axis": "y", "origin": [9, 0, 6]},
			"faces": {
				"north": {"uv": [0, 0, 1, 0.25], "texture": "#missing"},
				"east": {"uv": [9, 4, 9.25, 6], "rotation": 90, "texture": "#texture", "tintindex": 0},
				"south": {"uv": [9, 5, 10, 5.25], "texture": "#texture", "tintindex": 0},
				"up": {"uv": [9, 4, 10, 6], "texture": "#texture", "tintindex": 0},
				"down": {"uv": [9, 6, 10, 4], "texture": "#texture", "tintindex": 0}
			}
		},
		{
			"name": "5",
			"from": [1, 0, 6],
			"to": [2, 0.25, 10],
			"rotation": {"angle": 0, "axis": "y", "origin": [1, 0, 10]},
			"faces": {
				"north": {"uv": [1, 6, 2, 6.25], "rotation": 180, "texture": "#texture", "tintindex": 0},
				"south": {"uv": [1, 9, 2, 9.25], "texture": "#texture", "tintindex": 0},
				"west": {"uv": [1, 6, 1.25, 10], "rotation": 270, "texture": "#texture", "tintindex": 0},
				"up": {"uv": [1, 6, 2, 10], "texture": "#texture", "tintindex": 0},
				"down": {"uv": [1, 10, 2, 6], "texture": "#texture", "tintindex": 0}
			}
		},
		{
			"name": "6",
			"from": [2, 0, 4],
			"to": [3, 0.25, 12],
			"rotation": {"angle": 0, "axis": "y", "origin": [2, 0, 12]},
			"faces": {
				"north": {"uv": [2, 4, 3, 4.25], "rotation": 180, "texture": "#texture", "tintindex": 0},
				"south": {"uv": [2, 11, 3, 11.25], "texture": "#texture", "tintindex": 0},
				"west": {"uv": [2, 4, 2.25, 12], "rotation": 270, "texture": "#texture", "tintindex": 0},
				"up": {"uv": [2, 4, 3, 12], "texture": "#texture", "tintindex": 0},
				"down": {"uv": [2, 12, 3, 4], "texture": "#texture", "tintindex": 0}
			}
		},
		{
			"name": "7",
			"from": [3, 0, 3],
			"to": [4, 0.25, 7],
			"rotation": {"angle": 0, "axis": "y", "origin": [6, 0, 7]},
			"faces": {
				"north": {"uv": [3, 3, 4, 3.25], "rotation": 180, "texture": "#texture", "tintindex": 0},
				"west": {"uv": [3, 3, 3.25, 7], "rotation": 270, "texture": "#texture", "tintindex": 0},
				"up": {"uv": [3, 3, 4, 7], "texture": "#texture", "tintindex": 0},
				"down": {"uv": [3, 7, 4, 3], "texture": "#texture", "tintindex": 0}
			}
		},
		{
			"name": "8",
			"from": [3, 0, 7],
			"to": [13, 0.25, 13],
			"rotation": {"angle": 0, "axis": "y", "origin": [9, 0, 13]},
			"faces": {
				"north": {"uv": [3, 7, 13, 7.25], "rotation": 180, "texture": "#texture", "tintindex": 0},
				"east": {"uv": [12, 7, 12.25, 13], "rotation": 90, "texture": "#texture", "tintindex": 0},
				"south": {"uv": [3, 12, 13, 12.25], "texture": "#texture", "tintindex": 0},
				"west": {"uv": [3, 7, 3.25, 13], "rotation": 270, "texture": "#texture", "tintindex": 0},
				"up": {"uv": [3, 7, 13, 13], "texture": "#texture", "tintindex": 0},
				"down": {"uv": [3, 13, 13, 7], "texture": "#texture", "tintindex": 0}
			}
		},
		{
			"name": "9",
			"from": [11, 0, 6],
			"to": [14, 0.25, 7],
			"rotation": {"angle": 0, "axis": "y", "origin": [14, 0, 7]},
			"faces": {
				"north": {"uv": [11, 6, 14, 6.25], "rotation": 180, "texture": "#texture", "tintindex": 0},
				"east": {"uv": [14, 9, 15, 9.25], "texture": "#texture", "tintindex": 0},
				"west": {"uv": [0, 0, 0.25, 1], "rotation": 270, "texture": "#texture", "tintindex": 0},
				"up": {"uv": [11, 6, 14, 7], "texture": "#texture", "tintindex": 0},
				"down": {"uv": [11, 7, 14, 6], "texture": "#texture", "tintindex": 0}
			}
		},
		{
			"name": "10",
			"from": [13, 0, 7],
			"to": [14, 0.25, 12],
			"rotation": {"angle": 0, "axis": "y", "origin": [16, 0, 12]},
			"faces": {
				"east": {"uv": [13, 7, 13.25, 12], "rotation": 90, "texture": "#texture", "tintindex": 0},
				"south": {"uv": [13, 11, 14, 11.25], "texture": "#texture", "tintindex": 0},
				"up": {"uv": [13, 7, 14, 12], "texture": "#texture", "tintindex": 0},
				"down": {"uv": [14, 12, 13, 7], "texture": "#texture", "tintindex": 0}
			}
		},
		{
			"name": "11",
			"from": [14, 0, 7],
			"to": [15, 0.25, 10],
			"rotation": {"angle": 0, "axis": "y", "origin": [17, 0, 10]},
			"faces": {
				"north": {"uv": [14, 7, 15, 7.25], "rotation": 180, "texture": "#texture", "tintindex": 0},
				"east": {"uv": [14, 7, 14.25, 10], "rotation": 90, "texture": "#texture", "tintindex": 0},
				"south": {"uv": [14, 9, 15, 9.25], "texture": "#texture", "tintindex": 0},
				"up": {"uv": [14, 7, 15, 10], "texture": "#texture", "tintindex": 0},
				"down": {"uv": [14, 10, 15, 7], "texture": "#texture", "tintindex": 0}
			}
		},
		{
			"name": "12",
			"from": [4, 0, 13],
			"to": [12, 0.25, 14],
			"rotation": {"angle": 0, "axis": "y", "origin": [9, 0, 14]},
			"faces": {
				"east": {"uv": [11, 13, 12, 13.25], "texture": "#texture", "tintindex": 0},
				"south": {"uv": [4, 13, 12, 13.25], "texture": "#texture", "tintindex": 0},
				"west": {"uv": [4, 13, 4.25, 14], "rotation": 270, "texture": "#texture", "tintindex": 0},
				"up": {"uv": [4, 13, 12, 14], "texture": "#texture", "tintindex": 0},
				"down": {"uv": [4, 14, 12, 13], "texture": "#texture", "tintindex": 0}
			}
		},
		{
			"name": "13",
			"from": [6, 0, 14],
			"to": [10, 0.25, 15],
			"rotation": {"angle": 0, "axis": "y", "origin": [9, 0, 15]},
			"faces": {
				"east": {"uv": [9, 14, 10, 14.25], "texture": "#texture", "tintindex": 0},
				"south": {"uv": [6, 14, 10, 14.25], "texture": "#texture", "tintindex": 0},
				"west": {"uv": [6, 14, 6.25, 15], "rotation": 270, "texture": "#texture", "tintindex": 0},
				"up": {"uv": [6, 14, 10, 15], "texture": "#texture", "tintindex": 0},
				"down": {"uv": [6, 15, 10, 14], "texture": "#texture", "tintindex": 0}
			}
		}
	]
}