{
	"credit": "Made with Blockbench",
	"textures": {
		"0": "block/acacia_door_top",
		"2": "block/acacia_door/acacia_door_in_light_top",
		"3": "block/acacia_door/acacia_door_in_small",
		"4": "block/acacia_door/acacia_door_out_top",
		"5": "block/acacia_door/acacia_door_in_dark_top",
		"6": "block/acacia_door/acacia_door_out_bottom",
		"particle": "block/acacia_door_top"
	},
	"elements": [
		{
			"from": [0, 0, 0],
			"to": [3, 1, 16],
			"faces": {
				"north": {"uv": [0, 15, 3, 16], "texture": "#4"},
				"east": {"uv": [16, 15, 0, 16], "texture": "#0"},
				"south": {"uv": [4, 15, 7, 16], "texture": "#4"},
				"west": {"uv": [0, 15, 16, 16], "texture": "#0"},
				"up": {"uv": [4, 0, 7, 16], "texture": "#3"},
				"down": {"uv": [8, 0, 11, 16], "texture": "#6"}
			}
		},
		{
			"from": [0, 1, 0],
			"to": [3, 13, 3],
			"rotation": {"angle": 0, "axis": "y", "origin": [0, 1, 0]},
			"faces": {
				"north": {"uv": [0, 3, 3, 15], "texture": "#4"},
				"east": {"uv": [3, 3, 0, 15], "texture": "#0"},
				"south": {"uv": [0, 3, 3, 15], "texture": "#5"},
				"west": {"uv": [0, 3, 3, 15], "texture": "#0"},
				"up": {"uv": [0, 0, 3, 3], "texture": "#missing"},
				"down": {"uv": [0, 0, 3, 3], "texture": "#missing"}
			}
		},
		{
			"from": [0, 1, 13],
			"to": [3, 13, 16],
			"rotation": {"angle": 0, "axis": "y", "origin": [0, 2, 14]},
			"faces": {
				"north": {"uv": [8, 3, 11, 15], "texture": "#2"},
				"east": {"uv": [16, 3, 13, 15], "texture": "#0"},
				"south": {"uv": [4, 3, 7, 15], "texture": "#4"},
				"west": {"uv": [13, 3, 16, 15], "texture": "#0"},
				"up": {"uv": [0, 0, 3, 3], "texture": "#missing"},
				"down": {"uv": [0, 0, 3, 3], "texture": "#missing"}
			}
		},
		{
			"from": [0, 1, 5],
			"to": [3, 13, 7],
			"rotation": {"angle": 0, "axis": "y", "origin": [0, 1, 5]},
			"faces": {
				"north": {"uv": [0, 3, 3, 15], "texture": "#2"},
				"east": {"uv": [7, 3, 5, 15], "texture": "#0"},
				"south": {"uv": [4, 3, 7, 15], "texture": "#5"},
				"west": {"uv": [5, 3, 7, 15], "texture": "#0"},
				"up": {"uv": [0, 0, 3, 2], "texture": "#missing"},
				"down": {"uv": [0, 0, 3, 2], "texture": "#missing"}
			}
		},
		{
			"from": [0, 1, 9],
			"to": [3, 13, 11],
			"rotation": {"angle": 0, "axis": "y", "origin": [0, 1, 9]},
			"faces": {
				"north": {"uv": [4, 3, 7, 15], "texture": "#2"},
				"east": {"uv": [11, 3, 9, 15], "texture": "#0"},
				"south": {"uv": [8, 3, 11, 15], "texture": "#5"},
				"west": {"uv": [9, 3, 11, 15], "texture": "#0"},
				"up": {"uv": [0, 0, 3, 2], "texture": "#missing"},
				"down": {"uv": [0, 0, 3, 2], "texture": "#missing"}
			}
		},
		{
			"from": [0, 13, 0],
			"to": [3, 16, 16],
			"rotation": {"angle": 0, "axis": "y", "origin": [0, 13, 0]},
			"faces": {
				"north": {"uv": [0, 0, 3, 3], "texture": "#4"},
				"east": {"uv": [16, 0, 0, 3], "texture": "#0"},
				"south": {"uv": [4, 0, 7, 3], "texture": "#4"},
				"west": {"uv": [0, 0, 16, 3], "texture": "#0"},
				"up": {"uv": [8, 0, 11, 16], "texture": "#4"},
				"down": {"uv": [0, 0, 3, 16], "texture": "#3"}
			}
		}
	]
}