{
	"credit": "Made with Blockbench",
	"textures": {
		"0": "block/acacia_door_bottom",
		"1": "block/acacia_door/acacia_door_out_bottom",
		"2": "block/acacia_door/acacia_door_in_light_bottom",
		"3": "block/acacia_door/acacia_door_in_small",
		"4": "block/acacia_door/acacia_door_out_top",
		"5": "block/acacia_door/acacia_door_in_dark_bottom",
		"particle": "block/acacia_door_bottom"
	},
	"elements": [
		{
			"from": [0, 0, 0],
			"to": [3, 3, 16],
			"faces": {
				"north": {"uv": [0, 13, 3, 16], "texture": "#1"},
				"east": {"uv": [16, 13, 0, 16], "texture": "#0"},
				"south": {"uv": [4, 13, 7, 16], "texture": "#1"},
				"west": {"uv": [0, 13, 16, 16], "texture": "#0"},
				"up": {"uv": [12, 0, 15, 16], "texture": "#3"},
				"down": {"uv": [8, 0, 11, 16], "texture": "#1"}
			}
		},
		{
			"from": [0, 3, 0],
			"to": [3, 15, 3],
			"rotation": {"angle": 0, "axis": "y", "origin": [0, 3, 0]},
			"faces": {
				"north": {"uv": [0, 1, 3, 13], "texture": "#1"},
				"east": {"uv": [3, 1, 0, 13], "texture": "#0"},
				"south": {"uv": [0, 1, 3, 13], "texture": "#5"},
				"west": {"uv": [0, 1, 3, 13], "texture": "#0"},
				"up": {"uv": [0, 0, 3, 3], "texture": "#missing"},
				"down": {"uv": [0, 0, 3, 3], "texture": "#missing"}
			}
		},
		{
			"from": [0, 3, 13],
			"to": [3, 15, 16],
			"rotation": {"angle": 0, "axis": "y", "origin": [0, 4, 14]},
			"faces": {
				"north": {"uv": [0, 1, 3, 13], "texture": "#2"},
				"east": {"uv": [16, 1, 13, 13], "texture": "#0"},
				"south": {"uv": [4, 1, 7, 13], "texture": "#1"},
				"west": {"uv": [13, 1, 16, 13], "texture": "#0"},
				"up": {"uv": [0, 0, 3, 3], "texture": "#missing"},
				"down": {"uv": [0, 0, 3, 3], "texture": "#missing"}
			}
		},
		{
			"from": [0, 3, 5],
			"to": [3, 15, 7],
			"rotation": {"angle": 0, "axis": "y", "origin": [0, 3, 5]},
			"faces": {
				"north": {"uv": [0, 1, 3, 13], "texture": "#2"},
				"east": {"uv": [7, 1, 5, 13], "texture": "#0"},
				"south": {"uv": [0, 1, 3, 13], "texture": "#5"},
				"west": {"uv": [5, 1, 7, 13], "texture": "#0"},
				"up": {"uv": [0, 0, 3, 2], "texture": "#missing"},
				"down": {"uv": [0, 0, 3, 2], "texture": "#missing"}
			}
		},
		{
			"from": [0, 3, 9],
			"to": [3, 15, 11],
			"rotation": {"angle": 0, "axis": "y", "origin": [0, 3, 9]},
			"faces": {
				"north": {"uv": [0, 1, 3, 13], "texture": "#2"},
				"east": {"uv": [11, 1, 9, 13], "texture": "#0"},
				"south": {"uv": [0, 1, 3, 13], "texture": "#5"},
				"west": {"uv": [9, 1, 11, 13], "texture": "#0"},
				"up": {"uv": [0, 0, 3, 2], "texture": "#missing"},
				"down": {"uv": [0, 0, 3, 2], "texture": "#missing"}
			}
		},
		{
			"from": [0, 15, 0],
			"to": [3, 16, 16],
			"rotation": {"angle": 0, "axis": "y", "origin": [0, 15, 0]},
			"faces": {
				"north": {"uv": [0, 0, 3, 1], "texture": "#1"},
				"east": {"uv": [16, 0, 0, 1], "texture": "#0"},
				"south": {"uv": [4, 0, 7, 1], "texture": "#1"},
				"west": {"uv": [0, 0, 16, 1], "texture": "#0"},
				"up": {"uv": [8, 0, 11, 16], "texture": "#4"},
				"down": {"uv": [8, 0, 11, 16], "texture": "#3"}
			}
		}
	]
}