{
	"credit": "Made with Blockbench",
	"textures": {
		"0": "block/oak_trapdoor/oak_trapdoor_in",
		"1": "block/oak_trapdoor/oak_trapdoor_out",
		"2": "block/oak_trapdoor",
		"particle": "block/oak_trapdoor/oak_trapdoor_in"
	},
	"elements": [
		{
			"from": [0, 13, 13],
			"to": [16, 16, 16],
			"rotation": {"angle": 0, "axis": "y", "origin": [0, 13, 14]},
			"faces": {
				"north": {"uv": [0, 12, 16, 15], "texture": "#0"},
				"east": {"uv": [0, 8, 3, 11], "texture": "#1"},
				"south": {"uv": [0, 12, 16, 15], "texture": "#1"},
				"west": {"uv": [13, 0, 16, 3], "texture": "#1"},
				"up": {"uv": [0, 13, 16, 16], "texture": "#2"},
				"down": {"uv": [0, 16, 16, 13], "texture": "#2"}
			}
		},
		{
			"from": [0, 13, 10],
			"to": [3, 16, 13],
			"rotation": {"angle": 0, "axis": "y", "origin": [0, 13, 11]},
			"faces": {
				"north": {"uv": [0, 0, 3, 3], "texture": "#missing"},
				"east": {"uv": [0, 8, 3, 11], "texture": "#0"},
				"south": {"uv": [0, 0, 3, 3], "texture": "#missing"},
				"west": {"uv": [10, 0, 13, 3], "texture": "#1"},
				"up": {"uv": [0, 10, 3, 13], "texture": "#2"},
				"down": {"uv": [13, 13, 16, 10], "texture": "#2"}
			}
		},
		{
			"from": [6, 13, 10],
			"to": [10, 16, 13],
			"rotation": {"angle": 0, "axis": "y", "origin": [6, 13, 11]},
			"faces": {
				"north": {"uv": [0, 0, 4, 3], "texture": "#missing"},
				"east": {"uv": [0, 12, 3, 15], "texture": "#0"},
				"south": {"uv": [0, 0, 4, 3], "texture": "#missing"},
				"west": {"uv": [13, 8, 16, 11], "texture": "#0"},
				"up": {"uv": [6, 10, 10, 13], "texture": "#2"},
				"down": {"uv": [6, 13, 10, 10], "texture": "#2"}
			}
		},
		{
			"from": [13, 13, 10],
			"to": [16, 16, 13],
			"rotation": {"angle": 0, "axis": "y", "origin": [14, 13, 11]},
			"faces": {
				"north": {"uv": [0, 0, 3, 3], "texture": "#missing"},
				"east": {"uv": [3, 8, 6, 11], "texture": "#1"},
				"south": {"uv": [0, 0, 3, 3], "texture": "#missing"},
				"west": {"uv": [13, 12, 16, 15], "texture": "#0"},
				"up": {"uv": [13, 10, 16, 13], "texture": "#2"},
				"down": {"uv": [0, 13, 3, 10], "texture": "#2"}
			}
		},
		{
			"from": [6, 13, 3],
			"to": [10, 16, 6],
			"rotation": {"angle": 0, "axis": "y", "origin": [6, 13, 4]},
			"faces": {
				"north": {"uv": [0, 0, 4, 3], "texture": "#missing"},
				"east": {"uv": [0, 4, 3, 7], "texture": "#0"},
				"south": {"uv": [0, 0, 4, 3], "texture": "#missing"},
				"west": {"uv": [13, 0, 16, 3], "texture": "#0"},
				"up": {"uv": [6, 3, 10, 6], "texture": "#2"},
				"down": {"uv": [6, 6, 10, 3], "texture": "#2"}
			}
		},
		{
			"from": [0, 13, 3],
			"to": [3, 16, 6],
			"rotation": {"angle": 0, "axis": "y", "origin": [0, 13, 4]},
			"faces": {
				"north": {"uv": [0, 0, 3, 3], "texture": "#missing"},
				"east": {"uv": [0, 0, 3, 3], "texture": "#0"},
				"south": {"uv": [0, 0, 3, 3], "texture": "#missing"},
				"west": {"uv": [3, 0, 6, 3], "texture": "#1"},
				"up": {"uv": [0, 3, 3, 6], "texture": "#2"},
				"down": {"uv": [13, 6, 16, 3], "texture": "#2"}
			}
		},
		{
			"from": [0, 13, 6],
			"to": [16, 16, 10],
			"rotation": {"angle": 0, "axis": "y", "origin": [0, 13, 7]},
			"faces": {
				"north": {"uv": [0, 8, 16, 11], "texture": "#0"},
				"east": {"uv": [6, 8, 10, 11], "texture": "#1"},
				"south": {"uv": [0, 4, 16, 7], "texture": "#0"},
				"west": {"uv": [6, 0, 10, 3], "texture": "#1"},
				"up": {"uv": [0, 6, 16, 10], "texture": "#2"},
				"down": {"uv": [0, 10, 16, 6], "texture": "#2"}
			}
		},
		{
			"from": [13, 13, 3],
			"to": [16, 16, 6],
			"rotation": {"angle": 0, "axis": "y", "origin": [14, 13, 4]},
			"faces": {
				"north": {"uv": [0, 0, 3, 3], "texture": "#missing"},
				"east": {"uv": [10, 8, 13, 11], "texture": "#1"},
				"south": {"uv": [0, 0, 3, 3], "texture": "#missing"},
				"west": {"uv": [13, 4, 16, 7], "texture": "#0"},
				"up": {"uv": [13, 3, 16, 6], "texture": "#2"},
				"down": {"uv": [0, 6, 3, 3], "texture": "#2"}
			}
		},
		{
			"from": [0, 13, 0],
			"to": [16, 16, 3],
			"rotation": {"angle": 0, "axis": "y", "origin": [0, 13, 1]},
			"faces": {
				"north": {"uv": [0, 4, 16, 7], "texture": "#1"},
				"east": {"uv": [13, 8, 16, 11], "texture": "#1"},
				"south": {"uv": [0, 0, 16, 3], "texture": "#0"},
				"west": {"uv": [0, 0, 3, 3], "texture": "#1"},
				"up": {"uv": [0, 0, 16, 3], "texture": "#2"},
				"down": {"uv": [0, 3, 16, 0], "texture": "#2"}
			}
		}
	]
}