{
	"credit": "Made with Blockbench",
	"textures": {
		"0": "block/bamboo_trapdoor",
		"1": "block/bamboo_trapdoor/bamboo_trapdoor_out",
		"2": "block/bamboo_trapdoor/bamboo_trapdoor_in",
		"particle": "block/bamboo_trapdoor"
	},
	"elements": [
		{
			"from": [0, 0, 0],
			"to": [16, 3, 3],
			"faces": {
				"north": {"uv": [0, 12, 16, 15], "texture": "#1"},
				"east": {"uv": [13, 0, 16, 3], "texture": "#1"},
				"south": {"uv": [0, 0, 16, 3], "texture": "#2"},
				"west": {"uv": [0, 8, 3, 11], "texture": "#1"},
				"up": {"uv": [0, 16, 16, 13], "texture": "#0"},
				"down": {"uv": [0, 13, 16, 16], "texture": "#0"}
			}
		},
		{
			"from": [13, 0, 3],
			"to": [16, 3, 13],
			"rotation": {"angle": 0, "axis": "y", "origin": [14, 0, 3]},
			"faces": {
				"north": {"uv": [0, 0, 3, 3], "texture": "#missing"},
				"east": {"uv": [3, 0, 13, 3], "texture": "#1"},
				"south": {"uv": [0, 0, 3, 3], "texture": "#missing"},
				"west": {"uv": [3, 0, 13, 3], "texture": "#2"},
				"up": {"uv": [3, 13, 0, 3], "texture": "#0"},
				"down": {"uv": [13, 3, 16, 13], "texture": "#0"}
			}
		},
		{
			"from": [0, 0, 3],
			"to": [3, 3, 13],
			"rotation": {"angle": 0, "axis": "y", "origin": [0, 0, 3]},
			"faces": {
				"north": {"uv": [0, 0, 3, 3], "texture": "#missing"},
				"east": {"uv": [3, 8, 13, 11], "texture": "#2"},
				"south": {"uv": [0, 0, 3, 3], "texture": "#missing"},
				"west": {"uv": [3, 8, 13, 11], "texture": "#1"},
				"up": {"uv": [16, 13, 13, 3], "texture": "#0"},
				"down": {"uv": [0, 3, 3, 13], "texture": "#0"}
			}
		},
		{
			"from": [0, 0, 13],
			"to": [16, 3, 16],
			"rotation": {"angle": 0, "axis": "y", "origin": [0, 0, 14]},
			"faces": {
				"north": {"uv": [0, 4, 16, 7], "texture": "#2"},
				"east": {"uv": [0, 0, 3, 3], "texture": "#1"},
				"south": {"uv": [0, 4, 16, 7], "texture": "#1"},
				"west": {"uv": [13, 8, 16, 11], "texture": "#1"},
				"up": {"uv": [0, 3, 16, 0], "texture": "#0"},
				"down": {"uv": [0, 0, 16, 3], "texture": "#0"}
			}
		},
		{
			"from": [3, 1.5, 3],
			"to": [13, 1.5, 13],
			"rotation": {"angle": 0, "axis": "y", "origin": [5, 0, 3]},
			"faces": {
				"north": {"uv": [0, 0, 10, 0], "texture": "#missing"},
				"east": {"uv": [0, 0, 10, 0], "texture": "#missing"},
				"south": {"uv": [0, 0, 10, 0], "texture": "#missing"},
				"west": {"uv": [0, 0, 10, 0], "texture": "#missing"},
				"up": {"uv": [3, 13, 13, 3], "texture": "#0"},
				"down": {"uv": [3, 3, 13, 13], "texture": "#0"}
			}
		}
	]
}