{
	"parent": "minecraft:block/stairs/stairs_outer_north_top",
	"textures": {
		"full":  "minecraft:block/polished_andesite",
        "slab":  "minecraft:block/andesite/polished_andesite_slab",
		"north": "minecraft:block/andesite/polished_andesite_stairs_3",
		"east":  "minecraft:block/andesite/polished_andesite_stairs_2",
        "south": "minecraft:block/andesite/polished_andesite_stairs_3",
        "west":  "minecraft:block/andesite/polished_andesite_stairs_2",
        "down":  "minecraft:block/andesite/polished_andesite_stairs_3"
	}
}