{
	"parent": "minecraft:block/stairs/stairs_outer_north_bottom",
	"textures": {
		"full":  "minecraft:block/polished_andesite",
        "slab":  "minecraft:block/andesite/polished_andesite_slab",
		"north": "minecraft:block/andesite/polished_andesite_stairs_0",
		"east":  "minecraft:block/andesite/polished_andesite_stairs_1",
        "south": "minecraft:block/andesite/polished_andesite_stairs_0",
        "west":  "minecraft:block/andesite/polished_andesite_stairs_1",
        "up":    "minecraft:block/andesite/polished_andesite_stairs_0"
	}
}