{
	"parent": "minecraft:block/stairs/stairs_outer_west_top",
	"textures": {
		"full":  "minecraft:block/polished_blackstone",
        "slab":  "minecraft:block/blackstone/polished_blackstone_slab",
		"north": "minecraft:block/blackstone/polished_blackstone_stairs_2",
		"east":  "minecraft:block/blackstone/polished_blackstone_stairs_3",
        "south": "minecraft:block/blackstone/polished_blackstone_stairs_2",
        "west":  "minecraft:block/blackstone/polished_blackstone_stairs_3",
        "down":  "minecraft:block/blackstone/polished_blackstone_stairs_0"
	}
}