{
	"credit": "Made with Blockbench",
	"ambientocclusion": false,
	"textures": {
		"1": "block/iron_bars/iron_bars_sides",
		"2": "block/iron_bars/iron_bars_topbot",
		"particle": "block/iron_bars",
		"edge": "block/iron_bars"
	},
	"elements": [
		{
			"name": "bar_v0",
			"from": [2, 0, 7],
			"to": [4, 16, 9],
			"faces": {
				"north": {"uv": [4, 0, 2, 16], "texture": "#edge"},
				"east": {"uv": [10, 0, 8, 16], "texture": "#1"},
				"south": {"uv": [2, 0, 4, 16], "texture": "#edge"},
				"west": {"uv": [0, 0, 2, 16], "texture": "#1"},
				"up": {"uv": [2, 0, 4, 2], "texture": "#2"},
				"down": {"uv": [2, 4, 4, 6], "texture": "#2"}
			}
		},
		{
			"name": "bar_v1",
			"from": [7, 0, 7],
			"to": [9, 16, 9],
			"faces": {
				"north": {"uv": [9, 0, 7, 16], "texture": "#edge"},
				"east": {"uv": [12, 0, 10, 16], "texture": "#1"},
				"south": {"uv": [7, 0, 9, 16], "texture": "#edge"},
				"west": {"uv": [2, 0, 4, 16], "texture": "#1"},
				"up": {"uv": [7, 0, 9, 2], "texture": "#2"},
				"down": {"uv": [7, 4, 9, 6], "texture": "#2"}
			}
		},
		{
			"name": "bar_h0",
			"from": [0, 7, 7],
			"to": [2, 9, 9],
			"faces": {
				"north": {"uv": [2, 7, 0, 9], "texture": "#edge"},
				"east": {"uv": [0, 0, 2, 2], "texture": "#missing"},
				"south": {"uv": [0, 7, 2, 9], "texture": "#edge"},
				"west": {"uv": [6, 0, 8, 2], "texture": "#1"},
				"up": {"uv": [0, 0, 2, 2], "texture": "#2"},
				"down": {"uv": [0, 4, 2, 6], "texture": "#2"}
			}
		},
		{
			"name": "bar_h1",
			"from": [4, 12, 7],
			"to": [7, 14, 9],
			"faces": {
				"north": {"uv": [7, 2, 4, 4], "texture": "#edge"},
				"east": {"uv": [0, 0, 2, 2], "texture": "#missing"},
				"south": {"uv": [4, 2, 7, 4], "texture": "#edge"},
				"west": {"uv": [0, 0, 2, 2], "texture": "#missing"},
				"up": {"uv": [4, 0, 7, 2], "texture": "#2"},
				"down": {"uv": [4, 4, 7, 6], "texture": "#2"}
			}
		}
	]
}