{
	"credit": "Made with Blockbench",
	"ambientocclusion": false,
	"textures": {
		"1": "block/iron_bars/iron_bars_sides",
		"2": "block/iron_bars/iron_bars_topbot",
		"particle": "block/iron_bars",
		"edge": "block/iron_bars"
	},
	"elements": [
		{
			"name": "bar_v1",
			"from": [7, 0, 7],
			"to": [9, 16, 9],
			"faces": {
				"north": {"uv": [2, 0, 4, 16], "texture": "#1"},
				"east": {"uv": [9, 0, 7, 16], "texture": "#edge"},
				"south": {"uv": [12, 0, 10, 16], "texture": "#1"},
				"west": {"uv": [7, 0, 9, 16], "texture": "#edge"},
				"up": {"uv": [7, 0, 9, 2], "rotation": 90, "texture": "#2"},
				"down": {"uv": [7, 4, 9, 6], "rotation": 270, "texture": "#2"}
			}
		},
		{
			"name": "bar_v2",
			"from": [7, 0, 12],
			"to": [9, 16, 14],
			"faces": {
				"north": {"uv": [4, 0, 6, 16], "texture": "#1"},
				"east": {"uv": [14, 0, 12, 16], "texture": "#edge"},
				"south": {"uv": [14, 0, 12, 16], "texture": "#1"},
				"west": {"uv": [12, 0, 14, 16], "texture": "#edge"},
				"up": {"uv": [12, 0, 14, 2], "rotation": 90, "texture": "#2"},
				"down": {"uv": [12, 4, 14, 6], "rotation": 270, "texture": "#2"}
			}
		},
		{
			"name": "bar_v3",
			"from": [2, 0, 7],
			"to": [4, 16, 9],
			"faces": {
				"north": {"uv": [4, 0, 2, 16], "texture": "#edge"},
				"east": {"uv": [10, 0, 8, 16], "texture": "#1"},
				"south": {"uv": [2, 0, 4, 16], "texture": "#edge"},
				"west": {"uv": [0, 0, 2, 16], "texture": "#1"},
				"up": {"uv": [2, 0, 4, 2], "texture": "#2"},
				"down": {"uv": [2, 4, 4, 6], "texture": "#edge"}
			}
		},
		{
			"name": "bar_h2",
			"from": [7, 2, 9],
			"to": [9, 4, 12],
			"faces": {
				"north": {"uv": [0, 0, 2, 2], "texture": "#missing"},
				"east": {"uv": [12, 12, 9, 14], "texture": "#edge"},
				"south": {"uv": [0, 0, 2, 2], "texture": "#missing"},
				"west": {"uv": [9, 12, 12, 14], "texture": "#edge"},
				"up": {"uv": [9, 0, 12, 2], "rotation": 90, "texture": "#2"},
				"down": {"uv": [9, 4, 12, 6], "rotation": 270, "texture": "#2"}
			}
		},
		{
			"name": "bar_h3",
			"from": [7, 7, 14],
			"to": [9, 9, 16],
			"faces": {
				"north": {"uv": [0, 0, 2, 2], "texture": "#missing"},
				"east": {"uv": [16, 7, 14, 9], "texture": "#edge"},
				"south": {"uv": [14, 0, 16, 2], "texture": "#1"},
				"west": {"uv": [14, 7, 16, 9], "texture": "#edge"},
				"up": {"uv": [14, 0, 16, 2], "rotation": 90, "texture": "#2"},
				"down": {"uv": [14, 4, 16, 6], "rotation": 270, "texture": "#2"}
			}
		},
		{
			"name": "bar_h4",
			"from": [0, 7, 7],
			"to": [2, 9, 9],
			"faces": {
				"north": {"uv": [2, 7, 0, 9], "texture": "#edge"},
				"east": {"uv": [0, 0, 2, 2], "texture": "#missing"},
				"south": {"uv": [0, 7, 2, 9], "texture": "#edge"},
				"west": {"uv": [6, 0, 8, 2], "texture": "#1"},
				"up": {"uv": [0, 0, 2, 2], "texture": "#2"},
				"down": {"uv": [0, 4, 2, 6], "texture": "#2"}
			}
		},
		{
			"name": "bar_h5",
			"from": [4, 12, 7],
			"to": [7, 14, 9],
			"faces": {
				"north": {"uv": [7, 2, 4, 4], "texture": "#edge"},
				"east": {"uv": [0, 0, 2, 2], "texture": "#missing"},
				"south": {"uv": [4, 2, 7, 4], "texture": "#edge"},
				"west": {"uv": [0, 0, 2, 2], "texture": "#missing"},
				"up": {"uv": [4, 0, 7, 2], "texture": "#2"},
				"down": {"uv": [4, 4, 7, 6], "texture": "#2"}
			}
		}
	]
}