{
	"credit": "Made with Blockbench",
	"ambientocclusion": false,
	"textures": {
		"1": "block/iron_bars/iron_bars_sides",
		"2": "block/iron_bars/iron_bars_topbot",
		"particle": "block/iron_bars",
		"edge": "block/iron_bars"
	},
	"elements": [
		{
			"name": "bar_v1",
			"from": [7, 0, 7],
			"to": [9, 16, 9],
			"faces": {
				"north": {"uv": [2, 0, 4, 16], "texture": "#1"},
				"east": {"uv": [9, 0, 7, 16], "texture": "#edge"},
				"south": {"uv": [12, 0, 10, 16], "texture": "#1"},
				"west": {"uv": [7, 0, 9, 16], "texture": "#edge"},
				"up": {"uv": [7, 0, 9, 2], "rotation": 90, "texture": "#2"},
				"down": {"uv": [7, 4, 9, 6], "rotation": 270, "texture": "#2"}
			}
		}
	]
}