{
	"credit": "Made with Blockbench",
	"textures": {
		"0": "block/jungle_door_top",
		"1": "block/jungle_door/jungle_door_in_top_0",
		"2": "block/jungle_door/jungle_door_in_top_1",
		"3": "block/jungle_door/jungle_door_out_bottom",
		"4": "block/jungle_door/jungle_door_out_top",
		"particle": "block/jungle_door_top"
	},
	"elements": [
		{
			"from": [0, 0, 0],
			"to": [3, 4, 16],
			"faces": {
				"north": {"uv": [7, 12, 4, 16], "texture": "#4"},
				"east": {"uv": [0, 12, 16, 16], "texture": "#0"},
				"south": {"uv": [3, 12, 0, 16], "texture": "#4"},
				"west": {"uv": [16, 12, 0, 16], "texture": "#0"},
				"up": {"uv": [12, 16, 15, 0], "texture": "#1"},
				"down": {"uv": [8, 16, 11, 0], "texture": "#3"}
			}
		},
		{
			"from": [0, 4, 9],
			"to": [3, 5, 16],
			"rotation": {"angle": 0, "axis": "y", "origin": [8, 12, 8]},
			"faces": {
				"north": {"uv": [3, 14, 0, 15], "texture": "#1"},
				"east": {"uv": [0, 11, 7, 12], "texture": "#0"},
				"south": {"uv": [3, 11, 0, 12], "texture": "#4"},
				"west": {"uv": [7, 11, 0, 12], "texture": "#0"},
				"up": {"uv": [12, 7, 15, 0], "texture": "#1"},
				"down": {"uv": [0, 7, 3, 0], "texture": "#missing"}
			}
		},
		{
			"from": [0, 4, 0],
			"to": [3, 5, 7],
			"rotation": {"angle": 0, "axis": "y", "origin": [8, 12, -1]},
			"faces": {
				"north": {"uv": [7, 11, 4, 12], "texture": "#4"},
				"east": {"uv": [9, 11, 16, 12], "texture": "#0"},
				"south": {"uv": [7, 14, 4, 15], "texture": "#1"},
				"west": {"uv": [16, 11, 9, 12], "texture": "#0"},
				"up": {"uv": [12, 16, 15, 9], "texture": "#1"},
				"down": {"uv": [0, 7, 3, 0], "texture": "#missing"}
			}
		},
		{
			"from": [0, 5, 10],
			"to": [3, 6, 16],
			"rotation": {"angle": 0, "axis": "y", "origin": [8, 13, 8]},
			"faces": {
				"north": {"uv": [3, 13, 0, 14], "texture": "#1"},
				"east": {"uv": [0, 10, 6, 11], "texture": "#0"},
				"south": {"uv": [3, 10, 0, 11], "texture": "#4"},
				"west": {"uv": [6, 10, 0, 11], "texture": "#0"},
				"up": {"uv": [0, 6, 3, 0], "texture": "#missing"},
				"down": {"uv": [0, 6, 3, 0], "texture": "#missing"}
			}
		},
		{
			"from": [0, 5, 0],
			"to": [3, 6, 6],
			"rotation": {"angle": 0, "axis": "y", "origin": [8, 13, -2]},
			"faces": {
				"north": {"uv": [7, 10, 4, 11], "texture": "#4"},
				"east": {"uv": [10, 10, 16, 11], "texture": "#0"},
				"south": {"uv": [7, 13, 4, 14], "texture": "#1"},
				"west": {"uv": [16, 10, 10, 11], "texture": "#0"},
				"up": {"uv": [0, 6, 3, 0], "texture": "#missing"},
				"down": {"uv": [0, 6, 3, 0], "texture": "#missing"}
			}
		},
		{
			"from": [0, 6, 0],
			"to": [3, 8, 16],
			"rotation": {"angle": 0, "axis": "y", "origin": [8, 14, 8]},
			"faces": {
				"north": {"uv": [7, 8, 4, 10], "texture": "#4"},
				"east": {"uv": [0, 8, 16, 10], "texture": "#0"},
				"south": {"uv": [3, 8, 0, 10], "texture": "#4"},
				"west": {"uv": [16, 8, 0, 10], "texture": "#0"},
				"up": {"uv": [8, 16, 11, 0], "texture": "#1"},
				"down": {"uv": [4, 16, 7, 0], "texture": "#2"}
			}
		},
		{
			"from": [0, 8, 12],
			"to": [3, 11, 16],
			"rotation": {"angle": 0, "axis": "y", "origin": [8, 16, 8]},
			"faces": {
				"north": {"uv": [3, 1, 0, 4], "texture": "#1"},
				"east": {"uv": [12, 5, 16, 8], "texture": "#0"},
				"south": {"uv": [3, 5, 0, 8], "texture": "#4"},
				"west": {"uv": [4, 5, 0, 8], "texture": "#0"},
				"up": {"uv": [0, 4, 3, 0], "texture": "#missing"},
				"down": {"uv": [0, 4, 3, 0], "texture": "#missing"}
			}
		},
		{
			"from": [0, 8, 0],
			"to": [3, 11, 4],
			"rotation": {"angle": 0, "axis": "y", "origin": [8, 16, -7]},
			"faces": {
				"north": {"uv": [7, 5, 4, 8], "texture": "#4"},
				"east": {"uv": [0, 5, 4, 8], "texture": "#0"},
				"south": {"uv": [7, 1, 4, 4], "texture": "#1"},
				"west": {"uv": [16, 5, 12, 8], "texture": "#0"},
				"up": {"uv": [0, 4, 3, 0], "texture": "#missing"},
				"down": {"uv": [0, 4, 3, 0], "texture": "#missing"}
			}
		},
		{
			"from": [0, 11, 11],
			"to": [3, 12, 16],
			"rotation": {"angle": 0, "axis": "y", "origin": [8, 19, 8]},
			"faces": {
				"north": {"uv": [3, 0, 0, 1], "texture": "#1"},
				"east": {"uv": [0, 4, 5, 5], "texture": "#0"},
				"south": {"uv": [3, 4, 0, 5], "texture": "#4"},
				"west": {"uv": [5, 4, 0, 5], "texture": "#0"},
				"up": {"uv": [0, 5, 3, 0], "texture": "#missing"},
				"down": {"uv": [0, 16, 3, 11], "texture": "#2"}
			}
		},
		{
			"from": [0, 11, 0],
			"to": [3, 12, 5],
			"rotation": {"angle": 0, "axis": "y", "origin": [8, 19, -3]},
			"faces": {
				"north": {"uv": [7, 4, 4, 5], "texture": "#4"},
				"east": {"uv": [11, 4, 16, 5], "texture": "#0"},
				"south": {"uv": [7, 0, 4, 1], "texture": "#1"},
				"west": {"uv": [16, 4, 11, 5], "texture": "#0"},
				"up": {"uv": [0, 5, 3, 0], "texture": "#missing"},
				"down": {"uv": [0, 5, 3, 0], "texture": "#2"}
			}
		},
		{
			"from": [0, 8, 9],
			"to": [3, 12, 10],
			"rotation": {"angle": 0, "axis": "y", "origin": [8, 16, 2]},
			"faces": {
				"north": {"uv": [3, 5, 0, 9], "texture": "#1"},
				"east": {"uv": [6, 4, 7, 8], "texture": "#0"},
				"south": {"uv": [7, 9, 4, 13], "texture": "#1"},
				"west": {"uv": [7, 4, 6, 8], "texture": "#0"},
				"up": {"uv": [0, 1, 3, 0], "texture": "#missing"},
				"down": {"uv": [0, 1, 3, 0], "texture": "#missing"}
			}
		},
		{
			"from": [0, 8, 6],
			"to": [3, 12, 7],
			"rotation": {"angle": 0, "axis": "y", "origin": [8, 16, -1]},
			"faces": {
				"north": {"uv": [3, 9, 0, 13], "texture": "#1"},
				"east": {"uv": [9, 4, 10, 8], "texture": "#0"},
				"south": {"uv": [7, 5, 4, 9], "texture": "#1"},
				"west": {"uv": [10, 4, 9, 8], "texture": "#0"},
				"up": {"uv": [0, 1, 3, 0], "texture": "#missing"},
				"down": {"uv": [0, 1, 3, 0], "texture": "#missing"}
			}
		},
		{
			"from": [0, 12, 9],
			"to": [3, 13, 16],
			"rotation": {"angle": 0, "axis": "y", "origin": [8, 20, 8]},
			"faces": {
				"north": {"uv": [3, 5, 0, 6], "texture": "#1"},
				"east": {"uv": [0, 3, 7, 4], "texture": "#0"},
				"south": {"uv": [3, 3, 0, 4], "texture": "#4"},
				"west": {"uv": [7, 3, 0, 4], "texture": "#0"},
				"up": {"uv": [0, 7, 3, 0], "texture": "#missing"},
				"down": {"uv": [0, 16, 3, 9], "texture": "#2"}
			}
		},
		{
			"from": [0, 12, 0],
			"to": [3, 13, 7],
			"rotation": {"angle": 0, "axis": "y", "origin": [8, 20, -1]},
			"faces": {
				"north": {"uv": [7, 3, 4, 4], "texture": "#4"},
				"east": {"uv": [9, 3, 16, 4], "texture": "#0"},
				"south": {"uv": [7, 4, 4, 5], "texture": "#1"},
				"west": {"uv": [16, 3, 9, 4], "texture": "#0"},
				"up": {"uv": [0, 7, 3, 0], "texture": "#missing"},
				"down": {"uv": [0, 7, 3, 0], "texture": "#2"}
			}
		},
		{
			"from": [0, 13, 0],
			"to": [3, 16, 16],
			"rotation": {"angle": 0, "axis": "y", "origin": [8, 21, 8]},
			"faces": {
				"north": {"uv": [7, 0, 4, 3], "texture": "#4"},
				"east": {"uv": [0, 0, 16, 3], "texture": "#0"},
				"south": {"uv": [3, 0, 0, 3], "texture": "#4"},
				"west": {"uv": [16, 0, 0, 3], "texture": "#0"},
				"up": {"uv": [8, 16, 11, 0], "texture": "#4"},
				"down": {"uv": [0, 16, 3, 0], "texture": "#2"}
			}
		}
	]
}