{
  "multipart": [
    {
      "apply": {
        "model": "minecraft:block/glow_lichen/glow_lichen_north"
      },
      "when": {
        "north": "true"
      }
    },
    {
      "apply": {
        "model": "minecraft:block/glow_lichen"
      },
      "when": {
        "down": "false",
        "east": "false",
        "north": "false",
        "south": "false",
        "up": "false",
        "west": "false"
      }
    },
    {
      "apply": {
        "model": "minecraft:block/glow_lichen/glow_lichen_east",
        "uvlock": true
      },
      "when": {
        "east": "true"
      }
    },
    {
      "apply": {
        "model": "minecraft:block/glow_lichen",
        "uvlock": true,
        "y": 90
      },
      "when": {
        "down": "false",
        "east": "false",
        "north": "false",
        "south": "false",
        "up": "false",
        "west": "false"
      }
    },
    {
      "apply": {
        "model": "minecraft:block/glow_lichen/glow_lichen_south",
        "uvlock": true
      },
      "when": {
        "south": "true"
      }
    },
    {
      "apply": {
        "model": "minecraft:block/glow_lichen",
        "uvlock": true,
        "y": 180
      },
      "when": {
        "down": "false",
        "east": "false",
        "north": "false",
        "south": "false",
        "up": "false",
        "west": "false"
      }
    },
    {
      "apply": {
        "model": "minecraft:block/glow_lichen/glow_lichen_west",
        "uvlock": true
      },
      "when": {
        "west": "true"
      }
    },
    {
      "apply": {
        "model": "minecraft:block/glow_lichen",
        "uvlock": true,
        "y": 270
      },
      "when": {
        "down": "false",
        "east": "false",
        "north": "false",
        "south": "false",
        "up": "false",
        "west": "false"
      }
    },
    {
      "apply": {
        "model": "minecraft:block/glow_lichen/glow_lichen_up",
        "uvlock": true
      },
      "when": {
        "up": "true"
      }
    },
    {
      "apply": {
        "model": "minecraft:block/glow_lichen",
        "uvlock": true,
        "x": 270
      },
      "when": {
        "down": "false",
        "east": "false",
        "north": "false",
        "south": "false",
        "up": "false",
        "west": "false"
      }
    },
    {
      "apply": {
        "model": "minecraft:block/glow_lichen/glow_lichen_down",
        "uvlock": true
      },
      "when": {
        "down": "true"
      }
    },
    {
      "apply": {
        "model": "minecraft:block/glow_lichen",
        "uvlock": true,
        "x": 90
      },
      "when": {
        "down": "false",
        "east": "false",
        "north": "false",
        "south": "false",
        "up": "false",
        "west": "false"
      }
    }
  ]
}