{
  "variants": {
    "facing=east,half=bottom,shape=inner_left": {
      "model": "minecraft:block/quartz_stairs/quartz_stairs_inner_east_bottom",
      "uvlock": true
    },
    "facing=east,half=bottom,shape=inner_right": {
      "model": "minecraft:block/quartz_stairs/quartz_stairs_inner_south_bottom"
    },
    "facing=east,half=bottom,shape=outer_left": {
      "model": "minecraft:block/quartz_stairs/quartz_stairs_outer_east_bottom",
      "uvlock": true
    },
    "facing=east,half=bottom,shape=outer_right": {
      "model": "minecraft:block/quartz_stairs/quartz_stairs_outer_south_bottom"
    },
    "facing=east,half=bottom,shape=straight": {
      "model": "minecraft:block/quartz_stairs/quartz_stairs_east_bottom"
    },
    "facing=east,half=top,shape=inner_left": {
      "model": "minecraft:block/quartz_stairs/quartz_stairs_inner_east_top",
      "uvlock": true
    },
    "facing=east,half=top,shape=inner_right": {
      "model": "minecraft:block/quartz_stairs/quartz_stairs_inner_south_top",
      "uvlock": true
    },
    "facing=east,half=top,shape=outer_left": {
      "model": "minecraft:block/quartz_stairs/quartz_stairs_outer_east_top",
      "uvlock": true
    },
    "facing=east,half=top,shape=outer_right": {
      "model": "minecraft:block/quartz_stairs/quartz_stairs_outer_south_top",
      "uvlock": true
    },
    "facing=east,half=top,shape=straight": {
      "model": "minecraft:block/quartz_stairs/quartz_stairs_east_top",
      "uvlock": true
    },
    "facing=north,half=bottom,shape=inner_left": {
      "model": "minecraft:block/quartz_stairs/quartz_stairs_inner_north_bottom",
      "uvlock": true
    },
    "facing=north,half=bottom,shape=inner_right": {
      "model": "minecraft:block/quartz_stairs/quartz_stairs_inner_east_bottom",
      "uvlock": true
    },
    "facing=north,half=bottom,shape=outer_left": {
      "model": "minecraft:block/quartz_stairs/quartz_stairs_outer_north_bottom",
      "uvlock": true
    },
    "facing=north,half=bottom,shape=outer_right": {
      "model": "minecraft:block/quartz_stairs/quartz_stairs_outer_east_bottom",
      "uvlock": true
    },
    "facing=north,half=bottom,shape=straight": {
      "model": "minecraft:block/quartz_stairs/quartz_stairs_north_bottom",
      "uvlock": true
    },
    "facing=north,half=top,shape=inner_left": {
      "model": "minecraft:block/quartz_stairs/quartz_stairs_inner_north_top",
      "uvlock": true
    },
    "facing=north,half=top,shape=inner_right": {
      "model": "minecraft:block/quartz_stairs/quartz_stairs_inner_east_top",
      "uvlock": true
    },
    "facing=north,half=top,shape=outer_left": {
      "model": "minecraft:block/quartz_stairs/quartz_stairs_outer_north_top",
      "uvlock": true
    },
    "facing=north,half=top,shape=outer_right": {
      "model": "minecraft:block/quartz_stairs/quartz_stairs_outer_east_top",
      "uvlock": true
    },
    "facing=north,half=top,shape=straight": {
      "model": "minecraft:block/quartz_stairs/quartz_stairs_north_top",
      "uvlock": true
    },
    "facing=south,half=bottom,shape=inner_left": {
      "model": "minecraft:block/quartz_stairs/quartz_stairs_inner_south_bottom"
    },
    "facing=south,half=bottom,shape=inner_right": {
      "model": "minecraft:block/quartz_stairs/quartz_stairs_inner_west_bottom",
      "uvlock": true
    },
    "facing=south,half=bottom,shape=outer_left": {
      "model": "minecraft:block/quartz_stairs/quartz_stairs_outer_south_bottom"
    },
    "facing=south,half=bottom,shape=outer_right": {
      "model": "minecraft:block/quartz_stairs/quartz_stairs_outer_west_bottom",
      "uvlock": true
    },
    "facing=south,half=bottom,shape=straight": {
      "model": "minecraft:block/quartz_stairs/quartz_stairs_south_bottom",
      "uvlock": true
    },
    "facing=south,half=top,shape=inner_left": {
      "model": "minecraft:block/quartz_stairs/quartz_stairs_inner_south_top",
      "uvlock": true
    },
    "facing=south,half=top,shape=inner_right": {
      "model": "minecraft:block/quartz_stairs/quartz_stairs_inner_west_top",
      "uvlock": true
    },
    "facing=south,half=top,shape=outer_left": {
      "model": "minecraft:block/quartz_stairs/quartz_stairs_outer_south_top",
      "uvlock": true
    },
    "facing=south,half=top,shape=outer_right": {
      "model": "minecraft:block/quartz_stairs/quartz_stairs_outer_west_top",
      "uvlock": true
    },
    "facing=south,half=top,shape=straight": {
      "model": "minecraft:block/quartz_stairs/quartz_stairs_south_top",
      "uvlock": true
    },
    "facing=west,half=bottom,shape=inner_left": {
      "model": "minecraft:block/quartz_stairs/quartz_stairs_inner_west_bottom",
      "uvlock": true
    },
    "facing=west,half=bottom,shape=inner_right": {
      "model": "minecraft:block/quartz_stairs/quartz_stairs_inner_north_bottom",
      "uvlock": true
    },
    "facing=west,half=bottom,shape=outer_left": {
      "model": "minecraft:block/quartz_stairs/quartz_stairs_outer_west_bottom",
      "uvlock": true
    },
    "facing=west,half=bottom,shape=outer_right": {
      "model": "minecraft:block/quartz_stairs/quartz_stairs_outer_north_bottom",
      "uvlock": true
    },
    "facing=west,half=bottom,shape=straight": {
      "model": "minecraft:block/quartz_stairs/quartz_stairs_west_bottom",
      "uvlock": true
    },
    "facing=west,half=top,shape=inner_left": {
      "model": "minecraft:block/quartz_stairs/quartz_stairs_inner_west_top",
      "uvlock": true
    },
    "facing=west,half=top,shape=inner_right": {
      "model": "minecraft:block/quartz_stairs/quartz_stairs_inner_north_top",
      "uvlock": true
    },
    "facing=west,half=top,shape=outer_left": {
      "model": "minecraft:block/quartz_stairs/quartz_stairs_outer_west_top",
      "uvlock": true
    },
    "facing=west,half=top,shape=outer_right": {
      "model": "minecraft:block/quartz_stairs/quartz_stairs_outer_north_top",
      "uvlock": true
    },
    "facing=west,half=top,shape=straight": {
      "model": "minecraft:block/quartz_stairs/quartz_stairs_west_top",
      "uvlock": true
    }
  }
}