{
  "multipart": [
    {
      "apply": {
        "model": "minecraft:block/vine/vine_north"
      },
      "when": {
        "north": "true"
      }
    },
    {
      "apply": {
        "model": "minecraft:block/vine"
      },
      "when": {
        "east": "false",
        "north": "false",
        "south": "false",
        "up": "false",
        "west": "false"
      }
    },
    {
      "apply": {
        "model": "minecraft:block/vine/vine_east",
        "uvlock": true
      },
      "when": {
        "east": "true"
      }
    },
    {
      "apply": {
        "model": "minecraft:block/vine",
        "uvlock": true,
        "y": 90
      },
      "when": {
        "east": "false",
        "north": "false",
        "south": "false",
        "up": "false",
        "west": "false"
      }
    },
    {
      "apply": {
        "model": "minecraft:block/vine/vine_south",
        "uvlock": true
      },
      "when": {
        "south": "true"
      }
    },
    {
      "apply": {
        "model": "minecraft:block/vine",
        "uvlock": true,
        "y": 180
      },
      "when": {
        "east": "false",
        "north": "false",
        "south": "false",
        "up": "false",
        "west": "false"
      }
    },
    {
      "apply": {
        "model": "minecraft:block/vine/vine_west",
        "uvlock": true
      },
      "when": {
        "west": "true"
      }
    },
    {
      "apply": {
        "model": "minecraft:block/vine",
        "uvlock": true,
        "y": 270
      },
      "when": {
        "east": "false",
        "north": "false",
        "south": "false",
        "up": "false",
        "west": "false"
      }
    },
    {
      "apply": {
        "model": "minecraft:block/vine",
        "uvlock": true,
        "x": 270
      },
      "when": {
        "up": "true"
      }
    },
    {
      "apply": {
        "model": "minecraft:block/vine",
        "uvlock": true,
        "x": 270
      },
      "when": {
        "east": "false",
        "north": "false",
        "south": "false",
        "up": "false",
        "west": "false"
      }
    }
  ]
}