{
	"credit": "Made with Blockbench",
	"textures": {
		"0": "block/jungle_trapdoor",
		"1": "block/jungle_trapdoor/jungle_trapdoor_out",
		"2": "block/jungle_trapdoor/jungle_trapdoor_in",
		"particle": "block/jungle_trapdoor"
	},
	"elements": [
		{
			"from": [0, 0, 0],
			"to": [16, 3, 4],
			"faces": {
				"north": {"uv": [0, 12, 16, 15], "texture": "#1"},
				"east": {"uv": [12, 0, 16, 3], "texture": "#1"},
				"south": {"uv": [0, 13, 16, 16], "texture": "#2"},
				"west": {"uv": [0, 8, 4, 11], "texture": "#1"},
				"up": {"uv": [0, 16, 16, 12], "texture": "#0"},
				"down": {"uv": [0, 12, 16, 16], "texture": "#0"}
			}
		},
		{
			"from": [11, 0, 4],
			"to": [16, 3, 5],
			"rotation": {"angle": 0, "axis": "y", "origin": [14, 0, 4]},
			"faces": {
				"north": {"uv": [0, 0, 5, 3], "texture": "#missing"},
				"east": {"uv": [11, 0, 12, 3], "texture": "#1"},
				"south": {"uv": [11, 13, 16, 16], "texture": "#2"},
				"west": {"uv": [7, 0, 8, 3], "texture": "#2"},
				"up": {"uv": [5, 11, 0, 12], "texture": "#0"},
				"down": {"uv": [11, 11, 16, 12], "texture": "#0"}
			}
		},
		{
			"from": [0, 0, 4],
			"to": [5, 3, 5],
			"rotation": {"angle": 0, "axis": "y", "origin": [0, 0, 4]},
			"faces": {
				"north": {"uv": [0, 0, 5, 3], "texture": "#missing"},
				"east": {"uv": [10, 0, 11, 3], "texture": "#2"},
				"south": {"uv": [0, 13, 5, 16], "texture": "#2"},
				"west": {"uv": [4, 8, 5, 11], "texture": "#1"},
				"up": {"uv": [16, 11, 11, 12], "texture": "#0"},
				"down": {"uv": [0, 11, 5, 12], "texture": "#0"}
			}
		},
		{
			"from": [12, 0, 5],
			"to": [16, 3, 7],
			"rotation": {"angle": 0, "axis": "y", "origin": [14, 0, 5]},
			"faces": {
				"north": {"uv": [0, 0, 4, 3], "texture": "#missing"},
				"east": {"uv": [9, 0, 11, 3], "texture": "#1"},
				"south": {"uv": [0, 0, 4, 3], "texture": "#missing"},
				"west": {"uv": [5, 0, 7, 3], "texture": "#2"},
				"up": {"uv": [4, 11, 0, 9], "texture": "#0"},
				"down": {"uv": [12, 9, 16, 11], "texture": "#0"}
			}
		},
		{
			"from": [0, 0, 5],
			"to": [4, 3, 7],
			"rotation": {"angle": 0, "axis": "y", "origin": [0, 0, 5]},
			"faces": {
				"north": {"uv": [0, 0, 4, 3], "texture": "#missing"},
				"east": {"uv": [8, 0, 10, 3], "texture": "#2"},
				"south": {"uv": [0, 0, 4, 3], "texture": "#missing"},
				"west": {"uv": [5, 8, 7, 11], "texture": "#1"},
				"up": {"uv": [16, 11, 12, 9], "texture": "#0"},
				"down": {"uv": [0, 9, 4, 11], "texture": "#0"}
			}
		},
		{
			"from": [0, 0, 7],
			"to": [16, 3, 9],
			"rotation": {"angle": 0, "axis": "y", "origin": [0, 0, 7]},
			"faces": {
				"north": {"uv": [0, 10, 16, 13], "texture": "#2"},
				"east": {"uv": [6, 0, 8, 3], "texture": "#1"},
				"south": {"uv": [0, 7, 16, 10], "texture": "#2"},
				"west": {"uv": [7, 8, 9, 11], "texture": "#1"},
				"up": {"uv": [0, 9, 16, 7], "texture": "#0"},
				"down": {"uv": [0, 7, 16, 9], "texture": "#0"}
			}
		},
		{
			"from": [13, 0, 9],
			"to": [16, 3, 11],
			"rotation": {"angle": 0, "axis": "y", "origin": [14, 0, 9]},
			"faces": {
				"north": {"uv": [0, 0, 3, 3], "texture": "#missing"},
				"east": {"uv": [5, 0, 7, 3], "texture": "#1"},
				"south": {"uv": [0, 0, 3, 3], "texture": "#missing"},
				"west": {"uv": [2, 0, 4, 3], "texture": "#2"},
				"up": {"uv": [3, 7, 0, 5], "texture": "#0"},
				"down": {"uv": [13, 5, 16, 7], "texture": "#0"}
			}
		},
		{
			"from": [0, 0, 9],
			"to": [3, 3, 11],
			"rotation": {"angle": 0, "axis": "y", "origin": [0, 0, 9]},
			"faces": {
				"north": {"uv": [0, 0, 3, 3], "texture": "#missing"},
				"east": {"uv": [14, 0, 16, 3], "texture": "#2"},
				"south": {"uv": [0, 0, 3, 3], "texture": "#missing"},
				"west": {"uv": [9, 8, 11, 11], "texture": "#1"},
				"up": {"uv": [16, 7, 13, 5], "texture": "#0"},
				"down": {"uv": [0, 5, 3, 7], "texture": "#0"}
			}
		},
		{
			"from": [12, 0, 11],
			"to": [16, 3, 12],
			"rotation": {"angle": 0, "axis": "y", "origin": [12, 0, 11]},
			"faces": {
				"north": {"uv": [0, 4, 4, 7], "texture": "#2"},
				"east": {"uv": [4, 0, 5, 3], "texture": "#1"},
				"south": {"uv": [0, 0, 4, 3], "texture": "#missing"},
				"west": {"uv": [1, 0, 2, 3], "texture": "#2"},
				"up": {"uv": [4, 4, 0, 5], "texture": "#0"},
				"down": {"uv": [12, 4, 16, 5], "texture": "#0"}
			}
		},
		{
			"from": [0, 0, 11],
			"to": [4, 3, 12],
			"rotation": {"angle": 0, "axis": "y", "origin": [0, 0, 11]},
			"faces": {
				"north": {"uv": [12, 4, 16, 7], "texture": "#2"},
				"east": {"uv": [13, 0, 14, 3], "texture": "#2"},
				"south": {"uv": [0, 0, 4, 3], "texture": "#missing"},
				"west": {"uv": [11, 8, 12, 11], "texture": "#1"},
				"up": {"uv": [16, 8, 12, 9], "texture": "#0"},
				"down": {"uv": [0, 4, 4, 5], "texture": "#0"}
			}
		},
		{
			"from": [11, 0, 12],
			"to": [16, 3, 13],
			"rotation": {"angle": 0, "axis": "y", "origin": [11, 0, 12]},
			"faces": {
				"north": {"uv": [0, 4, 5, 7], "texture": "#2"},
				"east": {"uv": [3, 0, 4, 3], "texture": "#1"},
				"south": {"uv": [0, 0, 5, 3], "texture": "#missing"},
				"west": {"uv": [0, 0, 1, 3], "texture": "#2"},
				"up": {"uv": [5, 3, 0, 4], "texture": "#0"},
				"down": {"uv": [11, 3, 16, 4], "texture": "#0"}
			}
		},
		{
			"from": [0, 0, 12],
			"to": [5, 3, 13],
			"rotation": {"angle": 0, "axis": "y", "origin": [0, 0, 12]},
			"faces": {
				"north": {"uv": [11, 4, 16, 7], "texture": "#2"},
				"east": {"uv": [12, 0, 13, 3], "texture": "#2"},
				"south": {"uv": [0, 0, 5, 3], "texture": "#missing"},
				"west": {"uv": [12, 8, 13, 11], "texture": "#1"},
				"up": {"uv": [16, 3, 11, 4], "texture": "#0"},
				"down": {"uv": [0, 3, 5, 4], "texture": "#0"}
			}
		},
		{
			"from": [0, 0, 13],
			"to": [16, 3, 16],
			"rotation": {"angle": 0, "axis": "y", "origin": [0, 0, 13]},
			"faces": {
				"north": {"uv": [0, 4, 16, 7], "texture": "#2"},
				"east": {"uv": [0, 0, 3, 3], "texture": "#1"},
				"south": {"uv": [0, 4, 16, 7], "texture": "#1"},
				"west": {"uv": [13, 8, 16, 11], "texture": "#1"},
				"up": {"uv": [0, 3, 16, 0], "texture": "#0"},
				"down": {"uv": [0, 0, 16, 3], "texture": "#0"}
			}
		},
		{
			"from": [6, 0, 4],
			"to": [7, 3, 7],
			"rotation": {"angle": 0, "axis": "y", "origin": [6, 0, 5]},
			"faces": {
				"north": {"uv": [0, 0, 1, 3], "texture": "#missing"},
				"east": {"uv": [13, 4, 16, 7], "texture": "#2"},
				"south": {"uv": [0, 0, 1, 3], "texture": "#missing"},
				"west": {"uv": [13, 7, 16, 10], "texture": "#2"},
				"up": {"uv": [9, 9, 10, 12], "texture": "#0"},
				"down": {"uv": [6, 9, 7, 12], "texture": "#0"}
			}
		},
		{
			"from": [9, 0, 4],
			"to": [10, 3, 7],
			"rotation": {"angle": 0, "axis": "y", "origin": [8, 0, 5]},
			"faces": {
				"north": {"uv": [0, 0, 1, 3], "texture": "#missing"},
				"east": {"uv": [0, 4, 3, 7], "texture": "#2"},
				"south": {"uv": [0, 0, 1, 3], "texture": "#missing"},
				"west": {"uv": [0, 7, 3, 10], "texture": "#2"},
				"up": {"uv": [6, 9, 7, 12], "texture": "#0"},
				"down": {"uv": [10, 9, 9, 12], "texture": "#0"}
			}
		},
		{
			"from": [6, 0, 9],
			"to": [7, 3, 13],
			"rotation": {"angle": 0, "axis": "y", "origin": [6, 0, 11]},
			"faces": {
				"north": {"uv": [0, 0, 1, 3], "texture": "#missing"},
				"east": {"uv": [12, 10, 16, 13], "texture": "#2"},
				"south": {"uv": [0, 0, 1, 3], "texture": "#missing"},
				"west": {"uv": [12, 13, 16, 16], "texture": "#2"},
				"up": {"uv": [9, 3, 10, 7], "texture": "#0"},
				"down": {"uv": [6, 3, 7, 7], "texture": "#0"}
			}
		},
		{
			"from": [9, 0, 9],
			"to": [10, 3, 13],
			"rotation": {"angle": 0, "axis": "y", "origin": [9, 0, 11]},
			"faces": {
				"north": {"uv": [0, 0, 1, 3], "texture": "#missing"},
				"east": {"uv": [0, 10, 4, 13], "texture": "#2"},
				"south": {"uv": [0, 0, 1, 3], "texture": "#missing"},
				"west": {"uv": [0, 13, 4, 16], "texture": "#2"},
				"up": {"uv": [6, 3, 7, 7], "texture": "#0"},
				"down": {"uv": [9, 3, 10, 7], "texture": "#0"}
			}
		}
	]
}