{
	"credit": "Made with Blockbench",
	"textures": {
		"2": "block/birch_door/birch_door_out_top",
		"3": "block/birch_door/birch_door_out_bottom",
		"5": "block/birch_door_bottom",
		"6": "block/birch_door/birch_door_in",
		"particle": "block/birch_door_bottom"
	},
	"elements": [
		{
			"from": [0, 0, 0],
			"to": [3, 12, 16],
			"faces": {
				"north": {"uv": [0, 4, 3, 16], "texture": "#3"},
				"east": {"uv": [16, 4, 0, 16], "texture": "#5"},
				"south": {"uv": [4, 4, 7, 16], "texture": "#3"},
				"west": {"uv": [0, 4, 16, 16], "texture": "#5"},
				"up": {"uv": [0, 0, 16, 3], "rotation": 90, "texture": "#6"},
				"down": {"uv": [8, 0, 11, 16], "texture": "#3"}
			}
		},
		{
			"from": [0, 12, 0],
			"to": [3, 16, 3],
			"rotation": {"angle": 0, "axis": "y", "origin": [8, 20, 8]},
			"faces": {
				"north": {"uv": [0, 0, 3, 4], "texture": "#3"},
				"east": {"uv": [3, 0, 0, 4], "texture": "#5"},
				"south": {"uv": [12, 3, 15, 7], "texture": "#6"},
				"west": {"uv": [0, 0, 3, 4], "texture": "#5"},
				"up": {"uv": [8, 0, 11, 3], "texture": "#2"},
				"down": {"uv": [0, 0, 3, 3], "texture": "#missing"}
			}
		},
		{
			"from": [0, 12, 13],
			"to": [3, 16, 16],
			"rotation": {"angle": 0, "axis": "y", "origin": [8, 20, 23]},
			"faces": {
				"north": {"uv": [12, 9, 15, 13], "texture": "#6"},
				"east": {"uv": [16, 0, 13, 4], "texture": "#5"},
				"south": {"uv": [4, 0, 7, 4], "texture": "#3"},
				"west": {"uv": [13, 0, 16, 4], "texture": "#5"},
				"up": {"uv": [8, 13, 11, 16], "texture": "#2"},
				"down": {"uv": [0, 0, 3, 3], "texture": "#missing"}
			}
		},
		{
			"from": [1, 12, 3],
			"to": [2, 16, 13],
			"rotation": {"angle": 0, "axis": "y", "origin": [9, 20, 11]},
			"faces": {
				"north": {"uv": [0, 0, 1, 4], "texture": "#missing"},
				"east": {"uv": [13, 0, 3, 4], "texture": "#5"},
				"south": {"uv": [0, 0, 1, 4], "texture": "#missing"},
				"west": {"uv": [3, 0, 13, 4], "texture": "#5"},
				"up": {"uv": [12, 3, 13, 13], "texture": "#3"},
				"down": {"uv": [0, 0, 1, 10], "texture": "#missing"}
			}
		}
	]
}