{
	"credit": "Made with Blockbench",
	"textures": {
		"0": "block/oxidized_copper_door_bottom",
		"1": "block/oxidized_copper_door/oxidized_copper_door_out_bottom",
		"2": "block/oxidized_copper_door/oxidized_copper_door_out_top",
		"particle": "block/oxidized_copper_door_bottom"
	},
	"elements": [
		{
			"from": [0, 0, 0],
			"to": [3, 16, 16],
			"rotation": {"angle": 0, "axis": "y", "origin": [0, 0, 16]},
			"faces": {
				"north": {"uv": [7, 0, 4, 16], "texture": "#1"},
				"east": {"uv": [0, 0, 16, 16], "texture": "#0"},
				"south": {"uv": [3, 0, 0, 16], "texture": "#1"},
				"west": {"uv": [16, 0, 0, 16], "texture": "#0"},
				"up": {"uv": [4, 16, 7, 0], "texture": "#2"},
				"down": {"uv": [8, 16, 11, 0], "texture": "#1"}
			}
		}
	]
}