{
	"credit": "Made with Blockbench",
	"textures": {
		"0": "block/cherry_door_bottom",
		"1": "block/cherry_door/cherry_door_out_top",
		"2": "block/cherry_door/cherry_door_out_bottom",
		"3": "block/cherry_door/cherry_door_in_top",
		"particle": "block/cherry_door_bottom"
	},
	"elements": [
		{
			"from": [0, 0, 0],
			"to": [3, 15, 16],
			"rotation": {"angle": 0, "axis": "y", "origin": [0, 0, 16]},
			"faces": {
				"north": {"uv": [7, 1, 4, 16], "texture": "#2"},
				"east": {"uv": [0, 1, 16, 16], "texture": "#0"},
				"south": {"uv": [3, 1, 0, 16], "texture": "#2"},
				"west": {"uv": [16, 1, 0, 16], "texture": "#0"},
				"up": {"uv": [8, 16, 11, 0], "texture": "#3"},
				"down": {"uv": [8, 16, 11, 0], "texture": "#2"}
			}
		},
		{
			"from": [0, 15, 12],
			"to": [3, 16, 16],
			"rotation": {"angle": 0, "axis": "y", "origin": [0, 15, 16]},
			"faces": {
				"north": {"uv": [3, 13, 0, 14], "texture": "#3"},
				"east": {"uv": [0, 0, 4, 1], "texture": "#0"},
				"south": {"uv": [3, 0, 0, 1], "texture": "#2"},
				"west": {"uv": [4, 0, 0, 1], "texture": "#0"},
				"up": {"uv": [8, 4, 11, 0], "texture": "#1"},
				"down": {"uv": [0, 3, 3, 0], "texture": "#missing"}
			}
		},
		{
			"from": [0, 15, 0],
			"to": [3, 16, 4],
			"rotation": {"angle": 0, "axis": "y", "origin": [0, 15, 2]},
			"faces": {
				"north": {"uv": [7, 0, 4, 1], "texture": "#2"},
				"east": {"uv": [13, 0, 16, 1], "texture": "#0"},
				"south": {"uv": [7, 13, 4, 14], "texture": "#3"},
				"west": {"uv": [16, 0, 12, 1], "texture": "#0"},
				"up": {"uv": [8, 16, 11, 12], "texture": "#1"},
				"down": {"uv": [0, 3, 3, 0], "texture": "#missing"}
			}
		},
		{
			"from": [1.5, 15, 4],
			"to": [1.5, 16, 12],
			"rotation": {"angle": 0, "axis": "y", "origin": [0, 15, 13]},
			"faces": {
				"north": {"uv": [0, 0, 0, 1], "texture": "#missing"},
				"east": {"uv": [12, 0, 4, 1], "texture": "#0"},
				"south": {"uv": [0, 0, 0, 1], "texture": "#missing"},
				"west": {"uv": [12, 0, 4, 1], "texture": "#0"},
				"up": {"uv": [0, 8, 0, 0], "texture": "#missing"},
				"down": {"uv": [0, 8, 0, 0], "texture": "#missing"}
			}
		}
	]
}