{
	"credit": "Made with Blockbench",
	"textures": {
		"0": "block/cherry_door_top",
		"1": "block/cherry_door/cherry_door_out_top",
		"2": "block/cherry_door/cherry_door_out_bottom",
		"3": "block/cherry_door/cherry_door_in_top",
		"particle": "block/cherry_door_top"
	},
	"elements": [
		{
			"from": [0, 0, 12],
			"to": [3, 12, 16],
			"rotation": {"angle": 0, "axis": "y", "origin": [0, 0, 16]},
			"faces": {
				"north": {"uv": [3, 0, 0, 12], "texture": "#3"},
				"east": {"uv": [0, 4, 4, 16], "texture": "#0"},
				"south": {"uv": [3, 4, 0, 16], "texture": "#1"},
				"west": {"uv": [4, 4, 0, 16], "texture": "#0"},
				"up": {"uv": [0, 4, 3, 0], "texture": "#missing"},
				"down": {"uv": [8, 16, 11, 12], "texture": "#2"}
			}
		},
		{
			"from": [0, 0, 0],
			"to": [3, 12, 4],
			"rotation": {"angle": 0, "axis": "y", "origin": [0, 0, 2]},
			"faces": {
				"north": {"uv": [3, 4, 0, 16], "texture": "#1"},
				"east": {"uv": [12, 4, 16, 16], "texture": "#0"},
				"south": {"uv": [7, 0, 4, 12], "texture": "#3"},
				"west": {"uv": [16, 4, 12, 16], "texture": "#0"},
				"up": {"uv": [0, 4, 3, 0], "texture": "#missing"},
				"down": {"uv": [8, 4, 11, 0], "texture": "#2"}
			}
		},
		{
			"from": [0, 12, 0],
			"to": [3, 16, 16],
			"rotation": {"angle": 0, "axis": "y", "origin": [0, 12, 16]},
			"faces": {
				"north": {"uv": [3, 0, 0, 4], "texture": "#1"},
				"east": {"uv": [0, 0, 16, 4], "texture": "#0"},
				"south": {"uv": [3, 0, 0, 4], "texture": "#1"},
				"west": {"uv": [16, 0, 0, 4], "texture": "#0"},
				"up": {"uv": [8, 16, 11, 0], "texture": "#1"},
				"down": {"uv": [8, 16, 11, 0], "texture": "#3"}
			}
		},
		{
			"from": [1.5, 0, 4],
			"to": [1.5, 12, 12],
			"rotation": {"angle": 0, "axis": "y", "origin": [0, 0, 12]},
			"faces": {
				"north": {"uv": [0, 0, 0, 12], "texture": "#missing"},
				"east": {"uv": [4, 4, 12, 16], "texture": "#0"},
				"south": {"uv": [0, 0, 0, 12], "texture": "#missing"},
				"west": {"uv": [12, 4, 4, 16], "texture": "#0"},
				"up": {"uv": [0, 8, 0, 0], "texture": "#missing"},
				"down": {"uv": [0, 8, 0, 0], "texture": "#missing"}
			}
		}
	]
}