{
	"credit": "Made with Blockbench",
	"textures": {
		"0": "block/cherry_door_bottom",
		"1": "block/cherry_door/cherry_door_out_top",
		"2": "block/cherry_door/cherry_door_out_bottom",
		"3": "block/cherry_door/cherry_door_in_top",
		"particle": "block/cherry_door_bottom"
	},
	"elements": [
		{
			"from": [0, 0, 0],
			"to": [3, 15, 16],
			"faces": {
				"north": {"uv": [0, 1, 3, 16], "texture": "#2"},
				"east": {"uv": [16, 1, 0, 16], "texture": "#0"},
				"south": {"uv": [4, 1, 7, 16], "texture": "#2"},
				"west": {"uv": [0, 1, 16, 16], "texture": "#0"},
				"up": {"uv": [8, 0, 11, 16], "texture": "#3"},
				"down": {"uv": [8, 0, 11, 16], "texture": "#2"}
			}
		},
		{
			"from": [0, 15, 0],
			"to": [3, 16, 4],
			"rotation": {"angle": 0, "axis": "y", "origin": [0, 15, 0]},
			"faces": {
				"north": {"uv": [0, 0, 3, 1], "texture": "#2"},
				"east": {"uv": [4, 0, 0, 1], "texture": "#0"},
				"south": {"uv": [0, 13, 3, 14], "texture": "#3"},
				"west": {"uv": [0, 0, 4, 1], "texture": "#0"},
				"up": {"uv": [8, 0, 11, 4], "texture": "#1"},
				"down": {"uv": [0, 0, 3, 3], "texture": "#missing"}
			}
		},
		{
			"from": [0, 15, 12],
			"to": [3, 16, 16],
			"rotation": {"angle": 0, "axis": "y", "origin": [0, 15, 14]},
			"faces": {
				"north": {"uv": [4, 13, 7, 14], "texture": "#3"},
				"east": {"uv": [16, 0, 13, 1], "texture": "#0"},
				"south": {"uv": [4, 0, 7, 1], "texture": "#2"},
				"west": {"uv": [12, 0, 16, 1], "texture": "#0"},
				"up": {"uv": [8, 12, 11, 16], "texture": "#1"},
				"down": {"uv": [0, 0, 3, 3], "texture": "#missing"}
			}
		},
		{
			"from": [1.5, 15, 4],
			"to": [1.5, 16, 12],
			"rotation": {"angle": 0, "axis": "y", "origin": [0, 15, 3]},
			"faces": {
				"north": {"uv": [0, 0, 0, 1], "texture": "#missing"},
				"east": {"uv": [4, 0, 12, 1], "texture": "#0"},
				"south": {"uv": [0, 0, 0, 1], "texture": "#missing"},
				"west": {"uv": [4, 0, 12, 1], "texture": "#0"},
				"up": {"uv": [0, 0, 0, 8], "texture": "#missing"},
				"down": {"uv": [0, 0, 0, 8], "texture": "#missing"}
			}
		}
	]
}