{
	"credit": "Made with Blockbench",
	"textures": {
		"1": "block/exposed_copper_door_top",
		"2": "block/exposed_copper_door/exposed_copper_door_in_sides",
		"3": "block/exposed_copper_door/exposed_copper_door_in_topbot",
		"5": "block/exposed_copper_door/exposed_copper_door_out_top",
		"particle": "block/exposed_copper_door_bottom"
	},
	"elements": [
		{
			"from": [0, 0, 0],
			"to": [3, 3, 16],
			"faces": {
				"north": {"uv": [0, 13, 3, 16], "texture": "#5"},
				"east": {"uv": [16, 13, 0, 16], "texture": "#1"},
				"south": {"uv": [4, 13, 7, 16], "texture": "#5"},
				"west": {"uv": [0, 13, 16, 16], "texture": "#1"},
				"up": {"uv": [12, 0, 15, 16], "texture": "#3"},
				"down": {"uv": [4, 0, 7, 16], "texture": "#5"}
			}
		},
		{
			"from": [0, 3, 0],
			"to": [3, 13, 3],
			"rotation": {"angle": 0, "axis": "y", "origin": [0, 4, 0]},
			"faces": {
				"north": {"uv": [0, 3, 3, 13], "texture": "#5"},
				"east": {"uv": [3, 3, 0, 13], "texture": "#1"},
				"south": {"uv": [0, 2, 3, 12], "texture": "#2"},
				"west": {"uv": [0, 3, 3, 13], "texture": "#1"},
				"up": {"uv": [0, 0, 3, 3], "texture": "#missing"},
				"down": {"uv": [0, 0, 3, 3], "texture": "#missing"}
			}
		},
		{
			"from": [0, 3, 13],
			"to": [3, 13, 16],
			"rotation": {"angle": 0, "axis": "y", "origin": [0, 4, 13]},
			"faces": {
				"north": {"uv": [12, 2, 15, 12], "texture": "#2"},
				"east": {"uv": [16, 3, 13, 13], "texture": "#1"},
				"south": {"uv": [4, 3, 7, 13], "texture": "#5"},
				"west": {"uv": [13, 3, 16, 13], "texture": "#1"},
				"up": {"uv": [0, 0, 3, 3], "texture": "#missing"},
				"down": {"uv": [0, 0, 3, 3], "texture": "#missing"}
			}
		},
		{
			"from": [0, 13, 0],
			"to": [3, 16, 16],
			"rotation": {"angle": 0, "axis": "y", "origin": [0, 14, 0]},
			"faces": {
				"north": {"uv": [0, 0, 3, 3], "texture": "#5"},
				"east": {"uv": [16, 0, 0, 3], "texture": "#1"},
				"south": {"uv": [4, 0, 7, 3], "texture": "#5"},
				"west": {"uv": [0, 0, 16, 3], "texture": "#1"},
				"up": {"uv": [8, 0, 11, 16], "texture": "#5"},
				"down": {"uv": [0, 0, 3, 16], "texture": "#3"}
			}
		},
		{
			"from": [0, 11, 3],
			"to": [3, 13, 4],
			"rotation": {"angle": 0, "axis": "y", "origin": [0, 11, 3]},
			"faces": {
				"north": {"uv": [0, 0, 3, 2], "texture": "#missing"},
				"east": {"uv": [4, 3, 3, 5], "texture": "#1"},
				"south": {"uv": [0, 0, 3, 2], "texture": "#missing"},
				"west": {"uv": [3, 3, 4, 5], "texture": "#1"},
				"up": {"uv": [0, 0, 3, 1], "texture": "#missing"},
				"down": {"uv": [0, 0, 3, 1], "texture": "#3"}
			}
		},
		{
			"from": [0, 10, 4],
			"to": [3, 13, 5],
			"rotation": {"angle": 0, "axis": "y", "origin": [0, 11, 4]},
			"faces": {
				"north": {"uv": [4, 2, 7, 5], "texture": "#2"},
				"east": {"uv": [5, 3, 4, 6], "texture": "#1"},
				"south": {"uv": [4, 0, 7, 3], "texture": "#2"},
				"west": {"uv": [4, 3, 5, 6], "texture": "#1"},
				"up": {"uv": [0, 0, 3, 1], "texture": "#missing"},
				"down": {"uv": [0, 1, 3, 2], "texture": "#3"}
			}
		},
		{
			"from": [0, 9, 5],
			"to": [3, 12, 6],
			"rotation": {"angle": 0, "axis": "y", "origin": [0, 10, 5]},
			"faces": {
				"north": {"uv": [4, 3, 7, 6], "texture": "#2"},
				"east": {"uv": [6, 4, 5, 7], "texture": "#1"},
				"south": {"uv": [4, 1, 7, 4], "texture": "#2"},
				"west": {"uv": [5, 4, 6, 7], "texture": "#1"},
				"up": {"uv": [4, 5, 7, 6], "texture": "#3"},
				"down": {"uv": [0, 2, 3, 3], "texture": "#3"}
			}
		},
		{
			"from": [0, 10, 6],
			"to": [3, 11, 7],
			"rotation": {"angle": 0, "axis": "y", "origin": [0, 9, 6]},
			"faces": {
				"north": {"uv": [0, 0, 3, 1], "texture": "#missing"},
				"east": {"uv": [7, 5, 6, 6], "texture": "#1"},
				"south": {"uv": [4, 2, 7, 3], "texture": "#2"},
				"west": {"uv": [6, 5, 7, 6], "texture": "#1"},
				"up": {"uv": [4, 6, 7, 7], "texture": "#3"},
				"down": {"uv": [0, 0, 3, 1], "texture": "#missing"}
			}
		},
		{
			"from": [0, 11, 12],
			"to": [3, 13, 13],
			"rotation": {"angle": 0, "axis": "y", "origin": [0, 11, 12]},
			"faces": {
				"north": {"uv": [0, 0, 3, 2], "texture": "#missing"},
				"east": {"uv": [13, 3, 12, 5], "texture": "#1"},
				"south": {"uv": [0, 0, 3, 2], "texture": "#missing"},
				"west": {"uv": [12, 3, 13, 5], "texture": "#1"},
				"up": {"uv": [0, 0, 3, 1], "texture": "#missing"},
				"down": {"uv": [4, 0, 7, 1], "texture": "#3"}
			}
		},
		{
			"from": [0, 10, 11],
			"to": [3, 13, 12],
			"rotation": {"angle": 0, "axis": "y", "origin": [0, 11, 11]},
			"faces": {
				"north": {"uv": [4, 0, 7, 3], "texture": "#2"},
				"east": {"uv": [12, 3, 11, 6], "texture": "#1"},
				"south": {"uv": [8, 2, 11, 5], "texture": "#2"},
				"west": {"uv": [11, 3, 12, 6], "texture": "#1"},
				"up": {"uv": [0, 0, 3, 1], "texture": "#missing"},
				"down": {"uv": [4, 1, 7, 2], "texture": "#3"}
			}
		},
		{
			"from": [0, 9, 10],
			"to": [3, 12, 11],
			"rotation": {"angle": 0, "axis": "y", "origin": [0, 10, 10]},
			"faces": {
				"north": {"uv": [4, 0, 7, 3], "texture": "#2"},
				"east": {"uv": [11, 4, 10, 7], "texture": "#1"},
				"south": {"uv": [8, 3, 11, 6], "texture": "#2"},
				"west": {"uv": [10, 4, 11, 7], "texture": "#1"},
				"up": {"uv": [4, 10, 7, 11], "texture": "#3"},
				"down": {"uv": [4, 2, 7, 3], "texture": "#3"}
			}
		},
		{
			"from": [0, 10, 9],
			"to": [3, 11, 10],
			"rotation": {"angle": 0, "axis": "y", "origin": [0, 9, 9]},
			"faces": {
				"north": {"uv": [4, 2, 7, 3], "texture": "#2"},
				"east": {"uv": [10, 5, 9, 6], "texture": "#1"},
				"south": {"uv": [0, 0, 3, 1], "texture": "#missing"},
				"west": {"uv": [9, 5, 10, 6], "texture": "#1"},
				"up": {"uv": [4, 9, 7, 10], "texture": "#3"},
				"down": {"uv": [0, 0, 3, 1], "texture": "#missing"}
			}
		},
		{
			"from": [0, 3, 3],
			"to": [3, 5, 4],
			"rotation": {"angle": 0, "axis": "y", "origin": [0, 3, 3]},
			"faces": {
				"north": {"uv": [0, 0, 3, 2], "texture": "#missing"},
				"east": {"uv": [4, 11, 3, 13], "texture": "#1"},
				"south": {"uv": [0, 0, 3, 2], "texture": "#missing"},
				"west": {"uv": [3, 11, 4, 13], "texture": "#1"},
				"up": {"uv": [12, 2, 15, 3], "texture": "#3"},
				"down": {"uv": [0, 0, 3, 1], "texture": "#missing"}
			}
		},
		{
			"from": [0, 3, 4],
			"to": [3, 6, 5],
			"rotation": {"angle": 0, "axis": "y", "origin": [0, 4, 4]},
			"faces": {
				"north": {"uv": [4, 9, 7, 12], "texture": "#2"},
				"east": {"uv": [5, 10, 4, 13], "texture": "#1"},
				"south": {"uv": [0, 11, 3, 14], "texture": "#2"},
				"west": {"uv": [4, 10, 5, 13], "texture": "#1"},
				"up": {"uv": [12, 1, 15, 2], "texture": "#3"},
				"down": {"uv": [0, 0, 3, 1], "texture": "#missing"}
			}
		},
		{
			"from": [0, 4, 5],
			"to": [3, 7, 6],
			"rotation": {"angle": 0, "axis": "y", "origin": [0, 5, 5]},
			"faces": {
				"north": {"uv": [4, 8, 7, 11], "texture": "#2"},
				"east": {"uv": [6, 9, 5, 12], "texture": "#1"},
				"south": {"uv": [0, 11, 3, 14], "texture": "#2"},
				"west": {"uv": [5, 9, 6, 12], "texture": "#1"},
				"up": {"uv": [12, 0, 15, 1], "texture": "#3"},
				"down": {"uv": [8, 5, 11, 6], "texture": "#3"}
			}
		},
		{
			"from": [0, 5, 6],
			"to": [3, 6, 7],
			"rotation": {"angle": 0, "axis": "y", "origin": [0, 4, 6]},
			"faces": {
				"north": {"uv": [0, 0, 3, 1], "texture": "#missing"},
				"east": {"uv": [7, 10, 6, 11], "texture": "#1"},
				"south": {"uv": [0, 11, 3, 12], "texture": "#2"},
				"west": {"uv": [6, 10, 7, 11], "texture": "#1"},
				"up": {"uv": [0, 0, 3, 1], "texture": "#missing"},
				"down": {"uv": [8, 6, 11, 7], "texture": "#3"}
			}
		},
		{
			"from": [0, 3, 12],
			"to": [3, 5, 13],
			"rotation": {"angle": 0, "axis": "y", "origin": [0, 3, 12]},
			"faces": {
				"north": {"uv": [0, 0, 3, 2], "texture": "#missing"},
				"east": {"uv": [13, 11, 12, 13], "texture": "#1"},
				"south": {"uv": [0, 0, 3, 2], "texture": "#missing"},
				"west": {"uv": [12, 11, 13, 13], "texture": "#1"},
				"up": {"uv": [8, 2, 11, 3], "texture": "#3"},
				"down": {"uv": [0, 0, 3, 1], "texture": "#missing"}
			}
		},
		{
			"from": [0, 3, 11],
			"to": [3, 6, 12],
			"rotation": {"angle": 0, "axis": "y", "origin": [0, 4, 11]},
			"faces": {
				"north": {"uv": [4, 11, 7, 14], "texture": "#2"},
				"east": {"uv": [12, 10, 11, 13], "texture": "#1"},
				"south": {"uv": [8, 9, 11, 12], "texture": "#2"},
				"west": {"uv": [11, 10, 12, 13], "texture": "#1"},
				"up": {"uv": [8, 1, 11, 2], "texture": "#3"},
				"down": {"uv": [0, 0, 3, 1], "texture": "#missing"}
			}
		},
		{
			"from": [0, 4, 10],
			"to": [3, 7, 11],
			"rotation": {"angle": 0, "axis": "y", "origin": [0, 5, 10]},
			"faces": {
				"north": {"uv": [4, 11, 7, 14], "texture": "#2"},
				"east": {"uv": [11, 9, 10, 12], "texture": "#1"},
				"south": {"uv": [8, 8, 11, 11], "texture": "#2"},
				"west": {"uv": [10, 9, 11, 12], "texture": "#1"},
				"up": {"uv": [8, 0, 11, 1], "texture": "#3"},
				"down": {"uv": [8, 10, 11, 11], "texture": "#3"}
			}
		},
		{
			"from": [0, 5, 9],
			"to": [3, 6, 10],
			"rotation": {"angle": 0, "axis": "y", "origin": [0, 4, 9]},
			"faces": {
				"north": {"uv": [4, 11, 7, 12], "texture": "#2"},
				"east": {"uv": [9, 10, 10, 11], "texture": "#1"},
				"south": {"uv": [0, 0, 3, 1], "texture": "#missing"},
				"west": {"uv": [9, 10, 10, 11], "texture": "#1"},
				"up": {"uv": [0, 0, 3, 1], "texture": "#missing"},
				"down": {"uv": [8, 9, 11, 10], "texture": "#3"}
			}
		},
		{
			"from": [0, 6, 6],
			"to": [3, 10, 10],
			"rotation": {"angle": 0, "axis": "y", "origin": [0, 8, 6]},
			"faces": {
				"north": {"uv": [4, 5, 7, 9], "texture": "#2"},
				"east": {"uv": [10, 6, 6, 10], "texture": "#1"},
				"south": {"uv": [8, 5, 11, 9], "texture": "#2"},
				"west": {"uv": [6, 6, 10, 10], "texture": "#1"},
				"up": {"uv": [4, 6, 7, 10], "texture": "#3"},
				"down": {"uv": [8, 6, 11, 10], "texture": "#3"}
			}
		}
	],
	"groups": [
		0,
		1,
		2,
		3,
		{
			"name": "group",
			"origin": [0, 10, 6],
			"color": 0,
			"children": [4, 5, 6, 7]
		},
		{
			"name": "group",
			"origin": [0, 10, 6],
			"color": 0,
			"children": [8, 9, 10, 11]
		},
		{
			"name": "group",
			"origin": [0, 10, 6],
			"color": 0,
			"children": [12, 13, 14, 15]
		},
		{
			"name": "group",
			"origin": [0, 10, 6],
			"color": 0,
			"children": [16, 17, 18, 19]
		},
		20
	]
}