{
	"credit": "Made with Blockbench",
	"ambientocclusion": false,
	"textures": {
		"particle": "block/glow_lichen",
		"glow_lichen": "block/glow_lichen"
	},
	"elements": [
		{
			"from": [2, 0, 0],
			"to": [3, 1, 0.1],
			"rotation": {"angle": 0, "axis": "y", "origin": [10, 8, 8]},
			"faces": {
				"north": {"uv": [3, 15, 2, 16], "texture": "#glow_lichen"},
				"east": {"uv": [2, 15, 2.1, 16], "texture": "#glow_lichen"},
				"south": {"uv": [2, 15, 3, 16], "texture": "#glow_lichen"},
				"west": {"uv": [2, 15, 2.1, 16], "texture": "#glow_lichen"},
				"up": {"uv": [2, 15, 3, 15.1], "texture": "#glow_lichen"},
				"down": {"uv": [2, 15, 3, 15.1], "texture": "#glow_lichen"}
			}
		},
		{
			"from": [5, 0, 0],
			"to": [6, 1, 0.1],
			"rotation": {"angle": 0, "axis": "y", "origin": [13, 8, 8]},
			"faces": {
				"north": {"uv": [6, 15, 5, 16], "texture": "#glow_lichen"},
				"east": {"uv": [5, 15, 5.1, 16], "texture": "#glow_lichen"},
				"south": {"uv": [5, 15, 6, 16], "texture": "#glow_lichen"},
				"west": {"uv": [5, 15, 5.1, 16], "texture": "#glow_lichen"},
				"up": {"uv": [5, 15, 6, 15.1], "texture": "#glow_lichen"},
				"down": {"uv": [5, 15, 6, 15.1], "texture": "#glow_lichen"}
			}
		},
		{
			"from": [7, 0, 0],
			"to": [9, 1, 0.1],
			"rotation": {"angle": 0, "axis": "y", "origin": [15, 8, 8]},
			"faces": {
				"north": {"uv": [9, 15, 7, 16], "texture": "#glow_lichen"},
				"east": {"uv": [8, 15, 8.1, 16], "texture": "#glow_lichen"},
				"south": {"uv": [7, 15, 9, 16], "texture": "#glow_lichen"},
				"west": {"uv": [7, 15, 7.1, 16], "texture": "#glow_lichen"},
				"up": {"uv": [0, 0, 2, 0.1], "texture": "#missing"},
				"down": {"uv": [7, 15, 9, 15.1], "texture": "#glow_lichen"}
			}
		},
		{
			"from": [13, 0, 0],
			"to": [15, 1, 0.1],
			"rotation": {"angle": 0, "axis": "y", "origin": [21, 8, 8]},
			"faces": {
				"north": {"uv": [15, 15, 13, 16], "texture": "#glow_lichen"},
				"east": {"uv": [13, 15, 13.1, 16], "texture": "#glow_lichen"},
				"south": {"uv": [13, 15, 15, 16], "texture": "#glow_lichen"},
				"west": {"uv": [13, 15, 13.1, 16], "texture": "#glow_lichen"},
				"up": {"uv": [13, 15, 15, 15.1], "texture": "#glow_lichen"},
				"down": {"uv": [13, 15, 15, 15.1], "texture": "#glow_lichen"}
			}
		},
		{
			"from": [15, 1, 0],
			"to": [16, 3, 0.1],
			"rotation": {"angle": 0, "axis": "y", "origin": [22, 9, 8]},
			"faces": {
				"north": {"uv": [16, 13, 15, 15], "texture": "#glow_lichen"},
				"east": {"uv": [15, 13, 15.1, 15], "texture": "#glow_lichen"},
				"south": {"uv": [15, 13, 16, 15], "texture": "#glow_lichen"},
				"west": {"uv": [15, 13, 15.1, 15], "texture": "#glow_lichen"},
				"up": {"uv": [15, 13, 16, 13.1], "texture": "#glow_lichen"},
				"down": {"uv": [15, 14, 16, 14.1], "texture": "#glow_lichen"}
			}
		},
		{
			"from": [12, 1, 0],
			"to": [14, 2, 0.1],
			"rotation": {"angle": 0, "axis": "y", "origin": [20, 9, 8]},
			"faces": {
				"north": {"uv": [14, 14, 12, 15], "texture": "#glow_lichen"},
				"east": {"uv": [13, 14, 13.1, 15], "texture": "#glow_lichen"},
				"south": {"uv": [12, 14, 14, 15], "texture": "#glow_lichen"},
				"west": {"uv": [12, 14, 12.1, 15], "texture": "#glow_lichen"},
				"up": {"uv": [12, 14, 14, 14.1], "texture": "#glow_lichen"},
				"down": {"uv": [12, 14, 14, 14.1], "texture": "#glow_lichen"}
			}
		},
		{
			"from": [6, 1, 0],
			"to": [9, 2, 0.1],
			"rotation": {"angle": 0, "axis": "y", "origin": [15, 9, 8]},
			"faces": {
				"north": {"uv": [9, 14, 6, 15], "texture": "#glow_lichen"},
				"east": {"uv": [8, 14, 8.1, 15], "texture": "#glow_lichen"},
				"south": {"uv": [6, 14, 9, 15], "texture": "#glow_lichen"},
				"west": {"uv": [6, 14, 6.1, 15], "texture": "#glow_lichen"},
				"up": {"uv": [6, 14, 9, 14.1], "texture": "#glow_lichen"},
				"down": {"uv": [6, 14, 9, 14.1], "texture": "#glow_lichen"}
			}
		},
		{
			"from": [3, 1, 0],
			"to": [4, 5, 0.1],
			"rotation": {"angle": 0, "axis": "y", "origin": [12, 9, 8]},
			"faces": {
				"north": {"uv": [4, 11, 3, 15], "texture": "#glow_lichen"},
				"east": {"uv": [3, 11, 3.1, 15], "texture": "#glow_lichen"},
				"south": {"uv": [3, 11, 4, 15], "texture": "#glow_lichen"},
				"west": {"uv": [3, 11, 3.1, 15], "texture": "#glow_lichen"},
				"up": {"uv": [3, 11, 4, 11.1], "texture": "#glow_lichen"},
				"down": {"uv": [3, 14, 4, 14.1], "texture": "#glow_lichen"}
			}
		},
		{
			"from": [0, 2, 0],
			"to": [1, 3, 0.1],
			"rotation": {"angle": 0, "axis": "y", "origin": [9, 8, 8]},
			"faces": {
				"north": {"uv": [1, 13, 0, 14], "texture": "#glow_lichen"},
				"east": {"uv": [0, 13, 0.1, 14], "texture": "#glow_lichen"},
				"south": {"uv": [0, 13, 1, 14], "texture": "#glow_lichen"},
				"west": {"uv": [0, 13, 0.1, 14], "texture": "#glow_lichen"},
				"up": {"uv": [0, 13, 1, 13.1], "texture": "#glow_lichen"},
				"down": {"uv": [0, 13, 1, 13.1], "texture": "#glow_lichen"}
			}
		},
		{
			"from": [4, 2, 0],
			"to": [5, 3, 0.1],
			"rotation": {"angle": 0, "axis": "y", "origin": [13, 8, 8]},
			"faces": {
				"north": {"uv": [5, 13, 4, 14], "texture": "#glow_lichen"},
				"east": {"uv": [4, 13, 4.1, 14], "texture": "#glow_lichen"},
				"south": {"uv": [4, 13, 5, 14], "texture": "#glow_lichen"},
				"west": {"uv": [0, 0, 0.1, 1], "texture": "#missing"},
				"up": {"uv": [4, 13, 5, 13.1], "texture": "#glow_lichen"},
				"down": {"uv": [4, 13, 5, 13.1], "texture": "#glow_lichen"}
			}
		},
		{
			"from": [9, 2, 0],
			"to": [10, 3, 0.1],
			"rotation": {"angle": 0, "axis": "y", "origin": [18, 8, 8]},
			"faces": {
				"north": {"uv": [10, 13, 9, 14], "texture": "#glow_lichen"},
				"east": {"uv": [9, 13, 9.1, 14], "texture": "#glow_lichen"},
				"south": {"uv": [9, 13, 10, 14], "texture": "#glow_lichen"},
				"west": {"uv": [9, 13, 9.1, 14], "texture": "#glow_lichen"},
				"up": {"uv": [9, 13, 10, 13.1], "texture": "#glow_lichen"},
				"down": {"uv": [9, 13, 10, 13.1], "texture": "#glow_lichen"}
			}
		},
		{
			"from": [13, 4, 0],
			"to": [14, 6, 0.1],
			"rotation": {"angle": 0, "axis": "y", "origin": [22, 10, 8]},
			"faces": {
				"north": {"uv": [14, 10, 13, 12], "texture": "#glow_lichen"},
				"east": {"uv": [13, 10, 13.1, 12], "texture": "#glow_lichen"},
				"south": {"uv": [13, 10, 14, 12], "texture": "#glow_lichen"},
				"west": {"uv": [0, 0, 0.1, 2], "texture": "#missing"},
				"up": {"uv": [13, 10, 14, 10.1], "texture": "#glow_lichen"},
				"down": {"uv": [13, 11, 14, 11.1], "texture": "#glow_lichen"}
			}
		},
		{
			"from": [11, 3, 0],
			"to": [13, 7, 0.1],
			"rotation": {"angle": 0, "axis": "y", "origin": [21, 11, 8]},
			"faces": {
				"north": {"uv": [13, 9, 11, 13], "texture": "#glow_lichen"},
				"east": {"uv": [12, 9, 12.1, 13], "texture": "#glow_lichen"},
				"south": {"uv": [11, 9, 13, 13], "texture": "#glow_lichen"},
				"west": {"uv": [11, 9, 11.1, 13], "texture": "#glow_lichen"},
				"up": {"uv": [11, 9, 13, 9.1], "texture": "#glow_lichen"},
				"down": {"uv": [11, 12, 13, 12.1], "texture": "#glow_lichen"}
			}
		},
		{
			"from": [10, 3, 0],
			"to": [11, 5, 0.1],
			"rotation": {"angle": 0, "axis": "y", "origin": [19, 11, 8]},
			"faces": {
				"north": {"uv": [11, 11, 10, 13], "texture": "#glow_lichen"},
				"east": {"uv": [0, 0, 0.1, 2], "texture": "#missing"},
				"south": {"uv": [10, 11, 11, 13], "texture": "#glow_lichen"},
				"west": {"uv": [11, 11, 11.1, 13], "texture": "#glow_lichen"},
				"up": {"uv": [10, 11, 11, 11.1], "texture": "#glow_lichen"},
				"down": {"uv": [10, 12, 11, 12.1], "texture": "#glow_lichen"}
			}
		},
		{
			"from": [7, 3, 0],
			"to": [8, 4, 0.1],
			"rotation": {"angle": 0, "axis": "y", "origin": [16, 11, 8]},
			"faces": {
				"north": {"uv": [8, 12, 7, 13], "texture": "#glow_lichen"},
				"east": {"uv": [7, 12, 7.1, 13], "texture": "#glow_lichen"},
				"south": {"uv": [7, 12, 8, 13], "texture": "#glow_lichen"},
				"west": {"uv": [7, 12, 7.1, 13], "texture": "#glow_lichen"},
				"up": {"uv": [7, 12, 8, 12.1], "texture": "#glow_lichen"},
				"down": {"uv": [7, 12, 8, 12.1], "texture": "#glow_lichen"}
			}
		},
		{
			"from": [9, 4, 0],
			"to": [10, 6, 0.1],
			"rotation": {"angle": 0, "axis": "y", "origin": [18, 12, 8]},
			"faces": {
				"north": {"uv": [10, 10, 9, 12], "texture": "#glow_lichen"},
				"east": {"uv": [9, 10, 9.1, 12], "texture": "#glow_lichen"},
				"south": {"uv": [9, 10, 10, 12], "texture": "#glow_lichen"},
				"west": {"uv": [9, 10, 9.1, 12], "texture": "#glow_lichen"},
				"up": {"uv": [9, 10, 10, 10.1], "texture": "#glow_lichen"},
				"down": {"uv": [9, 11, 10, 11.1], "texture": "#glow_lichen"}
			}
		},
		{
			"from": [5, 4, 0],
			"to": [7, 5, 0.1],
			"rotation": {"angle": 0, "axis": "y", "origin": [15, 12, 8]},
			"faces": {
				"north": {"uv": [7, 11, 5, 12], "texture": "#glow_lichen"},
				"east": {"uv": [6, 11, 6.1, 12], "texture": "#glow_lichen"},
				"south": {"uv": [5, 11, 7, 12], "texture": "#glow_lichen"},
				"west": {"uv": [5, 11, 5.1, 12], "texture": "#glow_lichen"},
				"up": {"uv": [5, 11, 7, 11.1], "texture": "#glow_lichen"},
				"down": {"uv": [5, 11, 7, 11.1], "texture": "#glow_lichen"}
			}
		},
		{
			"from": [2, 4, 0],
			"to": [3, 7, 0.1],
			"rotation": {"angle": 0, "axis": "y", "origin": [12, 12, 8]},
			"faces": {
				"north": {"uv": [3, 9, 2, 12], "texture": "#glow_lichen"},
				"east": {"uv": [2, 9, 2.1, 12], "texture": "#glow_lichen"},
				"south": {"uv": [2, 9, 3, 12], "texture": "#glow_lichen"},
				"west": {"uv": [2, 9, 2.1, 12], "texture": "#glow_lichen"},
				"up": {"uv": [2, 9, 3, 9.1], "texture": "#glow_lichen"},
				"down": {"uv": [2, 11, 3, 11.1], "texture": "#glow_lichen"}
			}
		},
		{
			"from": [8, 5, 0],
			"to": [9, 11, 0.1],
			"rotation": {"angle": 0, "axis": "y", "origin": [18, 13, 8]},
			"faces": {
				"north": {"uv": [9, 5, 8, 11], "texture": "#glow_lichen"},
				"east": {"uv": [8, 5, 8.1, 11], "texture": "#glow_lichen"},
				"south": {"uv": [8, 5, 9, 11], "texture": "#glow_lichen"},
				"west": {"uv": [8, 5, 8.1, 11], "texture": "#glow_lichen"},
				"up": {"uv": [8, 5, 9, 5.1], "texture": "#glow_lichen"},
				"down": {"uv": [8, 10, 9, 10.1], "texture": "#glow_lichen"}
			}
		},
		{
			"from": [4, 5, 0],
			"to": [5, 6, 0.1],
			"rotation": {"angle": 0, "axis": "y", "origin": [14, 13, 8]},
			"faces": {
				"north": {"uv": [5, 10, 4, 11], "texture": "#glow_lichen"},
				"east": {"uv": [4, 10, 4.1, 11], "texture": "#glow_lichen"},
				"south": {"uv": [4, 10, 5, 11], "texture": "#glow_lichen"},
				"west": {"uv": [4, 10, 4.1, 11], "texture": "#glow_lichen"},
				"up": {"uv": [4, 10, 5, 10.1], "texture": "#glow_lichen"},
				"down": {"uv": [4, 10, 5, 10.1], "texture": "#glow_lichen"}
			}
		},
		{
			"from": [1, 6, 0],
			"to": [2, 8, 0.1],
			"rotation": {"angle": 0, "axis": "y", "origin": [11, 14, 8]},
			"faces": {
				"north": {"uv": [2, 8, 1, 10], "texture": "#glow_lichen"},
				"east": {"uv": [1, 8, 1.1, 10], "texture": "#glow_lichen"},
				"south": {"uv": [1, 8, 2, 10], "texture": "#glow_lichen"},
				"west": {"uv": [1, 8, 1.1, 10], "texture": "#glow_lichen"},
				"up": {"uv": [1, 8, 2, 8.1], "texture": "#glow_lichen"},
				"down": {"uv": [1, 9, 2, 9.1], "texture": "#glow_lichen"}
			}
		},
		{
			"from": [6, 7, 0],
			"to": [8, 8, 0.1],
			"rotation": {"angle": 0, "axis": "y", "origin": [16, 14, 8]},
			"faces": {
				"north": {"uv": [8, 8, 6, 9], "texture": "#glow_lichen"},
				"east": {"uv": [0, 0, 0.1, 1], "texture": "#missing"},
				"south": {"uv": [6, 8, 8, 9], "texture": "#glow_lichen"},
				"west": {"uv": [6, 8, 6.1, 9], "texture": "#glow_lichen"},
				"up": {"uv": [6, 8, 8, 8.1], "texture": "#glow_lichen"},
				"down": {"uv": [6, 8, 8, 8.1], "texture": "#glow_lichen"}
			}
		},
		{
			"from": [15, 7, 0],
			"to": [16, 9, 0.1],
			"rotation": {"angle": 0, "axis": "y", "origin": [24, 14, 8]},
			"faces": {
				"north": {"uv": [16, 7, 15, 9], "texture": "#glow_lichen"},
				"east": {"uv": [15, 7, 15.1, 9], "texture": "#glow_lichen"},
				"south": {"uv": [15, 7, 16, 9], "texture": "#glow_lichen"},
				"west": {"uv": [15, 7, 15.1, 9], "texture": "#glow_lichen"},
				"up": {"uv": [15, 7, 16, 7.1], "texture": "#glow_lichen"},
				"down": {"uv": [15, 8, 16, 8.1], "texture": "#glow_lichen"}
			}
		},
		{
			"from": [14, 8, 0],
			"to": [15, 10, 0.1],
			"rotation": {"angle": 0, "axis": "y", "origin": [23, 15, 8]},
			"faces": {
				"north": {"uv": [15, 6, 14, 8], "texture": "#glow_lichen"},
				"east": {"uv": [14, 6, 14.1, 8], "texture": "#glow_lichen"},
				"south": {"uv": [14, 6, 15, 8], "texture": "#glow_lichen"},
				"west": {"uv": [14, 6, 14.1, 8], "texture": "#glow_lichen"},
				"up": {"uv": [14, 6, 15, 6.1], "texture": "#glow_lichen"},
				"down": {"uv": [14, 7, 15, 7.1], "texture": "#glow_lichen"}
			}
		},
		{
			"from": [13, 9, 0],
			"to": [14, 10, 0.1],
			"rotation": {"angle": 0, "axis": "y", "origin": [22, 15, 8]},
			"faces": {
				"north": {"uv": [14, 6, 13, 7], "texture": "#glow_lichen"},
				"east": {"uv": [0, 0, 0.1, 1], "texture": "#missing"},
				"south": {"uv": [13, 6, 14, 7], "texture": "#glow_lichen"},
				"west": {"uv": [13, 6, 13.1, 7], "texture": "#glow_lichen"},
				"up": {"uv": [13, 6, 14, 6.1], "texture": "#glow_lichen"},
				"down": {"uv": [13, 6, 14, 6.1], "texture": "#glow_lichen"}
			}
		},
		{
			"from": [2, 8, 0],
			"to": [4, 9, 0.1],
			"rotation": {"angle": 0, "axis": "y", "origin": [12, 14, 8]},
			"faces": {
				"north": {"uv": [4, 7, 2, 8], "texture": "#glow_lichen"},
				"east": {"uv": [2, 7, 2.1, 8], "texture": "#glow_lichen"},
				"south": {"uv": [2, 7, 4, 8], "texture": "#glow_lichen"},
				"west": {"uv": [2, 7, 2.1, 8], "texture": "#glow_lichen"},
				"up": {"uv": [2, 7, 4, 7.1], "texture": "#glow_lichen"},
				"down": {"uv": [2, 7, 4, 7.1], "texture": "#glow_lichen"}
			}
		},
		{
			"from": [5, 8, 0],
			"to": [6, 14, 0.1],
			"rotation": {"angle": 0, "axis": "y", "origin": [14, 14, 8]},
			"faces": {
				"north": {"uv": [6, 2, 5, 8], "texture": "#glow_lichen"},
				"east": {"uv": [5, 2, 5.1, 8], "texture": "#glow_lichen"},
				"south": {"uv": [5, 2, 6, 8], "texture": "#glow_lichen"},
				"west": {"uv": [5, 2, 5.1, 8], "texture": "#glow_lichen"},
				"up": {"uv": [5, 2, 6, 2.1], "texture": "#glow_lichen"},
				"down": {"uv": [5, 7, 6, 7.1], "texture": "#glow_lichen"}
			}
		},
		{
			"from": [6, 10, 0],
			"to": [8, 11, 0.1],
			"rotation": {"angle": 0, "axis": "y", "origin": [15, 14, 8]},
			"faces": {
				"north": {"uv": [8, 5, 6, 6], "texture": "#glow_lichen"},
				"east": {"uv": [0, 0, 0.1, 1], "texture": "#missing"},
				"south": {"uv": [6, 5, 8, 6], "texture": "#glow_lichen"},
				"west": {"uv": [0, 0, 0.1, 1], "texture": "#missing"},
				"up": {"uv": [6, 5, 8, 5.1], "texture": "#glow_lichen"},
				"down": {"uv": [6, 5, 8, 5.1], "texture": "#glow_lichen"}
			}
		},
		{
			"from": [6, 11, 0],
			"to": [7, 12, 0.1],
			"rotation": {"angle": 0, "axis": "y", "origin": [15, 15, 8]},
			"faces": {
				"north": {"uv": [7, 4, 6, 5], "texture": "#glow_lichen"},
				"east": {"uv": [6, 4, 6.1, 5], "texture": "#glow_lichen"},
				"south": {"uv": [6, 4, 7, 5], "texture": "#glow_lichen"},
				"west": {"uv": [6, 4, 6.1, 5], "texture": "#glow_lichen"},
				"up": {"uv": [6, 4, 7, 4.1], "texture": "#glow_lichen"},
				"down": {"uv": [0, 0, 1, 0.1], "texture": "#missing"}
			}
		},
		{
			"from": [9, 9, 0],
			"to": [11, 10, 0.1],
			"rotation": {"angle": 0, "axis": "y", "origin": [18, 13, 8]},
			"faces": {
				"north": {"uv": [11, 6, 9, 7], "texture": "#glow_lichen"},
				"east": {"uv": [10, 6, 10.1, 7], "texture": "#glow_lichen"},
				"south": {"uv": [9, 6, 11, 7], "texture": "#glow_lichen"},
				"west": {"uv": [0, 0, 0.1, 1], "texture": "#missing"},
				"up": {"uv": [9, 6, 11, 6.1], "texture": "#glow_lichen"},
				"down": {"uv": [9, 6, 11, 6.1], "texture": "#glow_lichen"}
			}
		},
		{
			"from": [11, 10, 0],
			"to": [12, 15, 0.1],
			"rotation": {"angle": 0, "axis": "y", "origin": [20, 14, 8]},
			"faces": {
				"north": {"uv": [12, 1, 11, 6], "texture": "#glow_lichen"},
				"east": {"uv": [11, 1, 11.1, 6], "texture": "#glow_lichen"},
				"south": {"uv": [11, 1, 12, 6], "texture": "#glow_lichen"},
				"west": {"uv": [11, 1, 11.1, 6], "texture": "#glow_lichen"},
				"up": {"uv": [11, 1, 12, 1.1], "texture": "#glow_lichen"},
				"down": {"uv": [11, 5, 12, 5.1], "texture": "#glow_lichen"}
			}
		},
		{
			"from": [12, 10, 0],
			"to": [13, 12, 0.1],
			"rotation": {"angle": 0, "axis": "y", "origin": [21, 14, 8]},
			"faces": {
				"north": {"uv": [13, 4, 12, 6], "texture": "#glow_lichen"},
				"east": {"uv": [12, 4, 12.1, 6], "texture": "#glow_lichen"},
				"south": {"uv": [12, 4, 13, 6], "texture": "#glow_lichen"},
				"west": {"uv": [0, 0, 0.1, 2], "texture": "#missing"},
				"up": {"uv": [12, 4, 13, 4.1], "texture": "#glow_lichen"},
				"down": {"uv": [12, 5, 13, 5.1], "texture": "#glow_lichen"}
			}
		},
		{
			"from": [15, 13, 0],
			"to": [16, 14, 0.1],
			"rotation": {"angle": 0, "axis": "y", "origin": [24, 16, 8]},
			"faces": {
				"north": {"uv": [16, 2, 15, 3], "texture": "#glow_lichen"},
				"east": {"uv": [15, 2, 15.1, 3], "texture": "#glow_lichen"},
				"south": {"uv": [15, 2, 16, 3], "texture": "#glow_lichen"},
				"west": {"uv": [15, 2, 15.1, 3], "texture": "#glow_lichen"},
				"up": {"uv": [15, 2, 16, 2.1], "texture": "#glow_lichen"},
				"down": {"uv": [15, 2, 16, 2.1], "texture": "#glow_lichen"}
			}
		},
		{
			"from": [14, 12, 0],
			"to": [15, 15, 0.1],
			"rotation": {"angle": 0, "axis": "y", "origin": [23, 16, 8]},
			"faces": {
				"north": {"uv": [15, 1, 14, 4], "texture": "#glow_lichen"},
				"east": {"uv": [14, 1, 14.1, 4], "texture": "#glow_lichen"},
				"south": {"uv": [14, 1, 15, 4], "texture": "#glow_lichen"},
				"west": {"uv": [14, 1, 14.1, 4], "texture": "#glow_lichen"},
				"up": {"uv": [14, 1, 15, 1.1], "texture": "#glow_lichen"},
				"down": {"uv": [14, 3, 15, 3.1], "texture": "#glow_lichen"}
			}
		},
		{
			"from": [13, 13, 0],
			"to": [14, 16, 0.1],
			"rotation": {"angle": 0, "axis": "y", "origin": [22, 17, 8]},
			"faces": {
				"north": {"uv": [14, 0, 13, 3], "texture": "#glow_lichen"},
				"east": {"uv": [13, 0, 13.1, 3], "texture": "#glow_lichen"},
				"south": {"uv": [13, 0, 14, 3], "texture": "#glow_lichen"},
				"west": {"uv": [13, 0, 13.1, 3], "texture": "#glow_lichen"},
				"up": {"uv": [13, 0, 14, 0.1], "texture": "#glow_lichen"},
				"down": {"uv": [13, 2, 14, 2.1], "texture": "#glow_lichen"}
			}
		},
		{
			"from": [12, 15, 0],
			"to": [13, 16, 0.1],
			"rotation": {"angle": 0, "axis": "y", "origin": [21, 17, 8]},
			"faces": {
				"north": {"uv": [13, 0, 12, 1], "texture": "#glow_lichen"},
				"east": {"uv": [0, 0, 0.1, 1], "texture": "#missing"},
				"south": {"uv": [12, 0, 13, 1], "texture": "#glow_lichen"},
				"west": {"uv": [12, 0, 12.1, 1], "texture": "#glow_lichen"},
				"up": {"uv": [12, 0, 13, 0.1], "texture": "#glow_lichen"},
				"down": {"uv": [12, 0, 13, 0.1], "texture": "#glow_lichen"}
			}
		},
		{
			"from": [10, 13, 0],
			"to": [11, 16, 0.1],
			"rotation": {"angle": 0, "axis": "y", "origin": [19, 17, 8]},
			"faces": {
				"north": {"uv": [11, 0, 10, 3], "texture": "#glow_lichen"},
				"east": {"uv": [10, 0, 10.1, 3], "texture": "#glow_lichen"},
				"south": {"uv": [10, 0, 11, 3], "texture": "#glow_lichen"},
				"west": {"uv": [10, 0, 10.1, 3], "texture": "#glow_lichen"},
				"up": {"uv": [10, 0, 11, 0.1], "texture": "#glow_lichen"},
				"down": {"uv": [10, 2, 11, 2.1], "texture": "#glow_lichen"}
			}
		},
		{
			"from": [9, 13, 0],
			"to": [10, 15, 0.1],
			"rotation": {"angle": 0, "axis": "y", "origin": [18, 17, 8]},
			"faces": {
				"north": {"uv": [10, 1, 9, 3], "texture": "#glow_lichen"},
				"east": {"uv": [0, 0, 0.1, 2], "texture": "#missing"},
				"south": {"uv": [9, 1, 10, 3], "texture": "#glow_lichen"},
				"west": {"uv": [9, 1, 9.1, 3], "texture": "#glow_lichen"},
				"up": {"uv": [9, 1, 10, 1.1], "texture": "#glow_lichen"},
				"down": {"uv": [9, 2, 10, 2.1], "texture": "#glow_lichen"}
			}
		},
		{
			"from": [8, 15, 0],
			"to": [9, 16, 0.1],
			"rotation": {"angle": 0, "axis": "y", "origin": [17, 18, 8]},
			"faces": {
				"north": {"uv": [9, 0, 8, 1], "texture": "#glow_lichen"},
				"east": {"uv": [8, 0, 8.1, 1], "texture": "#glow_lichen"},
				"south": {"uv": [8, 0, 9, 1], "texture": "#glow_lichen"},
				"west": {"uv": [8, 0, 8.1, 1], "texture": "#glow_lichen"},
				"up": {"uv": [8, 0, 9, 0.1], "texture": "#glow_lichen"},
				"down": {"uv": [8, 0, 9, 0.1], "texture": "#glow_lichen"}
			}
		},
		{
			"from": [3, 13, 0],
			"to": [5, 14, 0.1],
			"rotation": {"angle": 0, "axis": "y", "origin": [13, 16, 8]},
			"faces": {
				"north": {"uv": [5, 2, 3, 3], "texture": "#glow_lichen"},
				"east": {"uv": [0, 0, 0.1, 1], "texture": "#missing"},
				"south": {"uv": [3, 2, 5, 3], "texture": "#glow_lichen"},
				"west": {"uv": [3, 2, 3.1, 3], "texture": "#glow_lichen"},
				"up": {"uv": [3, 2, 5, 2.1], "texture": "#glow_lichen"},
				"down": {"uv": [3, 2, 5, 2.1], "texture": "#glow_lichen"}
			}
		},
		{
			"from": [2, 12, 0],
			"to": [4, 13, 0.1],
			"rotation": {"angle": 0, "axis": "y", "origin": [12, 15, 8]},
			"faces": {
				"north": {"uv": [4, 3, 2, 4], "texture": "#glow_lichen"},
				"east": {"uv": [2, 3, 2.1, 4], "texture": "#glow_lichen"},
				"south": {"uv": [2, 3, 4, 4], "texture": "#glow_lichen"},
				"west": {"uv": [2, 3, 2.1, 4], "texture": "#glow_lichen"},
				"up": {"uv": [2, 3, 4, 3.1], "texture": "#glow_lichen"},
				"down": {"uv": [2, 3, 4, 3.1], "texture": "#glow_lichen"}
			}
		},
		{
			"from": [3, 11, 0],
			"to": [4, 12, 0.1],
			"rotation": {"angle": 0, "axis": "y", "origin": [12, 14, 8]},
			"faces": {
				"north": {"uv": [4, 4, 3, 5], "texture": "#glow_lichen"},
				"east": {"uv": [3, 4, 3.1, 5], "texture": "#glow_lichen"},
				"south": {"uv": [3, 4, 4, 5], "texture": "#glow_lichen"},
				"west": {"uv": [3, 4, 3.1, 5], "texture": "#glow_lichen"},
				"up": {"uv": [0, 0, 1, 0.1], "texture": "#missing"},
				"down": {"uv": [3, 4, 4, 4.1], "texture": "#glow_lichen"}
			}
		},
		{
			"from": [0, 11, 0],
			"to": [2, 12, 0.1],
			"rotation": {"angle": 0, "axis": "y", "origin": [9, 14, 8]},
			"faces": {
				"north": {"uv": [2, 4, 0, 5], "texture": "#glow_lichen"},
				"east": {"uv": [0, 4, 0.1, 5], "texture": "#glow_lichen"},
				"south": {"uv": [0, 4, 2, 5], "texture": "#glow_lichen"},
				"west": {"uv": [0, 4, 0.1, 5], "texture": "#glow_lichen"},
				"up": {"uv": [0, 4, 2, 4.1], "texture": "#glow_lichen"},
				"down": {"uv": [0, 4, 2, 4.1], "texture": "#glow_lichen"}
			}
		},
		{
			"from": [0, 13, 0],
			"to": [2, 14, 0.1],
			"rotation": {"angle": 0, "axis": "y", "origin": [9, 16, 8]},
			"faces": {
				"north": {"uv": [2, 2, 0, 3], "texture": "#glow_lichen"},
				"east": {"uv": [0, 2, 0.1, 3], "texture": "#glow_lichen"},
				"south": {"uv": [0, 2, 2, 3], "texture": "#glow_lichen"},
				"west": {"uv": [0, 2, 0.1, 3], "texture": "#glow_lichen"},
				"up": {"uv": [0, 2, 2, 2.1], "texture": "#glow_lichen"},
				"down": {"uv": [0, 2, 2, 2.1], "texture": "#glow_lichen"}
			}
		},
		{
			"from": [1, 14, 0],
			"to": [4, 16, 0.1],
			"rotation": {"angle": 0, "axis": "y", "origin": [10, 17, 8]},
			"faces": {
				"north": {"uv": [4, 0, 1, 2], "texture": "#glow_lichen"},
				"east": {"uv": [3, 0, 3.1, 2], "texture": "#glow_lichen"},
				"south": {"uv": [1, 0, 4, 2], "texture": "#glow_lichen"},
				"west": {"uv": [1, 0, 1.1, 2], "texture": "#glow_lichen"},
				"up": {"uv": [1, 0, 4, 0.1], "texture": "#glow_lichen"},
				"down": {"uv": [1, 1, 4, 1.1], "texture": "#glow_lichen"}
			}
		}
	]
}