{
  "model": {
    "type": "minecraft:select",
    "property": "minecraft:component",
    "component": "minecraft:stored_enchantments",
    "cases": [
      {
        "when": {
          "minecraft:blast_protection": 1
        },
        "model": {
          "type": "minecraft:model",
          "model": "item/enchanted_book/blast_protection_1"
        }
      },
      {
        "when": {
          "minecraft:blast_protection": 2
        },
        "model": {
          "type": "minecraft:model",
          "model": "item/enchanted_book/blast_protection_2"
        }
      },
      {
        "when": {
          "minecraft:blast_protection": 3
        },
        "model": {
          "type": "minecraft:model",
          "model": "item/enchanted_book/blast_protection_3"
        }
      },
      {
        "when": {
          "minecraft:blast_protection": 4
        },
        "model": {
          "type": "minecraft:model",
          "model": "item/enchanted_book/blast_protection_4"
        }
      },
      {
        "when": {
          "minecraft:flame": 1
        },
        "model": {
          "type": "minecraft:model",
          "model": "item/enchanted_book/flame_1"
        }
      }
    ],
    "fallback": {
      "type": "minecraft:model",
      "model": "item/enchanted_book"
    }
  }
}