{
  "model": {
    "type": "minecraft:select",
    "property": "minecraft:component",
    "component": "minecraft:potion_contents",
    "cases": [
      {
        "when": {
          "potion": "water"
        },
        "model": {
          "type": "minecraft:model",
          "model": "item/potion/splash_water"
        }
      },
      {
        "when": {
          "potion": "mundane"
        },
        "model": {
          "type": "minecraft:model",
          "model": "item/potion/splash_mundane"
        }
      },
      {
        "when": {
          "potion": "thick"
        },
        "model": {
          "type": "minecraft:model",
          "model": "item/potion/splash_thick"
        }
      },
      {
        "when": {
          "potion": "awkward"
        },
        "model": {
          "type": "minecraft:model",
          "model": "item/potion/splash_awkward"
        }
      },
      {
        "when": {
          "potion": "fire_resistance"
        },
        "model": {
          "type": "minecraft:model",
          "model": "item/potion/splash_fire_resistance"
        }
      },
      {
        "when": {
          "potion": "long_fire_resistance"
        },
        "model": {
          "type": "minecraft:model",
          "model": "item/potion/splash_long_fire_resistance"
        }
      },
      {
        "when": {
          "potion": "harming"
        },
        "model": {
          "type": "minecraft:model",
          "model": "item/potion/splash_harming"
        }
      },
      {
        "when": {
          "potion": "strong_harming"
        },
        "model": {
          "type": "minecraft:model",
          "model": "item/potion/splash_strong_harming"
        }
      },
      {
        "when": {
          "potion": "healing"
        },
        "model": {
          "type": "minecraft:model",
          "model": "item/potion/splash_healing"
        }
      },
      {
        "when": {
          "potion": "strong_healing"
        },
        "model": {
          "type": "minecraft:model",
          "model": "item/potion/splash_strong_healing"
        }
      },
      {
        "when": {
          "potion": "infested"
        },
        "model": {
          "type": "minecraft:model",
          "model": "item/potion/splash_infested"
        }
      },
      {
        "when": {
          "potion": "invisibility"
        },
        "model": {
          "type": "minecraft:model",
          "model": "item/potion/splash_invisibility"
        }
      },
      {
        "when": {
          "potion": "long_invisibility"
        },
        "model": {
          "type": "minecraft:model",
          "model": "item/potion/splash_long_invisibility"
        }
      },
      {
        "when": {
          "potion": "leaping"
        },
        "model": {
          "type": "minecraft:model",
          "model": "item/potion/splash_leaping"
        }
      },
      {
        "when": {
          "potion": "long_leaping"
        },
        "model": {
          "type": "minecraft:model",
          "model": "item/potion/splash_long_leaping"
        }
      },
      {
        "when": {
          "potion": "strong_leaping"
        },
        "model": {
          "type": "minecraft:model",
          "model": "item/potion/splash_strong_leaping"
        }
      },
      {
        "when": {
          "potion": "luck"
        },
        "model": {
          "type": "minecraft:model",
          "model": "item/potion/splash_luck"
        }
      },
      {
        "when": {
          "potion": "night_vision"
        },
        "model": {
          "type": "minecraft:model",
          "model": "item/potion/splash_night_vision"
        }
      },
      {
        "when": {
          "potion": "long_night_vision"
        },
        "model": {
          "type": "minecraft:model",
          "model": "item/potion/splash_long_night_vision"
        }
      },
      {
        "when": {
          "potion": "oozing"
        },
        "model": {
          "type": "minecraft:model",
          "model": "item/potion/splash_oozing"
        }
      },
      {
        "when": {
          "potion": "poison"
        },
        "model": {
          "type": "minecraft:model",
          "model": "item/potion/splash_poison"
        }
      },
      {
        "when": {
          "potion": "long_poison"
        },
        "model": {
          "type": "minecraft:model",
          "model": "item/potion/splash_long_poison"
        }
      },
      {
        "when": {
          "potion": "strong_poison"
        },
        "model": {
          "type": "minecraft:model",
          "model": "item/potion/splash_strong_poison"
        }
      },
      {
        "when": {
          "potion": "regeneration"
        },
        "model": {
          "type": "minecraft:model",
          "model": "item/potion/splash_regeneration"
        }
      },
      {
        "when": {
          "potion": "long_regeneration"
        },
        "model": {
          "type": "minecraft:model",
          "model": "item/potion/splash_long_regeneration"
        }
      },
      {
        "when": {
          "potion": "strong_regeneration"
        },
        "model": {
          "type": "minecraft:model",
          "model": "item/potion/splash_strong_regeneration"
        }
      },
      {
        "when": {
          "potion": "slow_falling"
        },
        "model": {
          "type": "minecraft:model",
          "model": "item/potion/splash_slow_falling"
        }
      },
      {
        "when": {
          "potion": "long_slow_falling"
        },
        "model": {
          "type": "minecraft:model",
          "model": "item/potion/splash_long_slow_falling"
        }
      },
      {
        "when": {
          "potion": "slowness"
        },
        "model": {
          "type": "minecraft:model",
          "model": "item/potion/splash_slowness"
        }
      },
      {
        "when": {
          "potion": "long_slowness"
        },
        "model": {
          "type": "minecraft:model",
          "model": "item/potion/splash_long_slowness"
        }
      },
      {
        "when": {
          "potion": "strong_slowness"
        },
        "model": {
          "type": "minecraft:model",
          "model": "item/potion/splash_strong_slowness"
        }
      },
      {
        "when": {
          "potion": "strength"
        },
        "model": {
          "type": "minecraft:model",
          "model": "item/potion/splash_strength"
        }
      },
      {
        "when": {
          "potion": "long_strength"
        },
        "model": {
          "type": "minecraft:model",
          "model": "item/potion/splash_long_strength"
        }
      },
      {
        "when": {
          "potion": "strong_strength"
        },
        "model": {
          "type": "minecraft:model",
          "model": "item/potion/splash_strong_strength"
        }
      },
      {
        "when": {
          "potion": "swiftness"
        },
        "model": {
          "type": "minecraft:model",
          "model": "item/potion/splash_swiftness"
        }
      },
      {
        "when": {
          "potion": "long_swiftness"
        },
        "model": {
          "type": "minecraft:model",
          "model": "item/potion/splash_long_swiftness"
        }
      },
      {
        "when": {
          "potion": "strong_swiftness"
        },
        "model": {
          "type": "minecraft:model",
          "model": "item/potion/splash_strong_swiftness"
        }
      },
      {
        "when": {
          "potion": "turtle_master"
        },
        "model": {
          "type": "minecraft:model",
          "model": "item/potion/splash_turtle_master"
        }
      },
      {
        "when": {
          "potion": "long_turtle_master"
        },
        "model": {
          "type": "minecraft:model",
          "model": "item/potion/splash_long_turtle_master"
        }
      },
      {
        "when": {
          "potion": "strong_turtle_master"
        },
        "model": {
          "type": "minecraft:model",
          "model": "item/potion/splash_strong_turtle_master"
        }
      },
      {
        "when": {
          "potion": "water_breathing"
        },
        "model": {
          "type": "minecraft:model",
          "model": "item/potion/splash_water_breathing"
        }
      },
      {
        "when": {
          "potion": "long_water_breathing"
        },
        "model": {
          "type": "minecraft:model",
          "model": "item/potion/splash_long_water_breathing"
        }
      },
      {
        "when": {
          "potion": "weakness"
        },
        "model": {
          "type": "minecraft:model",
          "model": "item/potion/splash_weakness"
        }
      },
      {
        "when": {
          "potion": "long_weakness"
        },
        "model": {
          "type": "minecraft:model",
          "model": "item/potion/splash_long_weakness"
        }
      },
      {
        "when": {
          "potion": "weaving"
        },
        "model": {
          "type": "minecraft:model",
          "model": "item/potion/splash_weaving"
        }
      },
      {
        "when": {
          "potion": "wind_charged"
        },
        "model": {
          "type": "minecraft:model",
          "model": "item/potion/splash_wind_charged"
        }
      }
    ]
  }
}