{
	"parent": "block/stairs/stairs_e_t",
	"textures": {
		"full": "minecraft:block/deepslate/polished_deepslate",
		"hori": "minecraft:block/deepslate/polished_deepslate_slab",
		"vert": "minecraft:block/deepslate/polished_deepslate_slab_v",
		"se":   "minecraft:block/deepslate/polished_deepslate_stairs_2",
		"sw":   "minecraft:block/deepslate/polished_deepslate_stairs_3",
		"nw": 	"minecraft:block/deepslate/polished_deepslate_stairs_3",
		"ne": 	"minecraft:block/deepslate/polished_deepslate_stairs_2"
	}
}