{
	"parent": "minecraft:block/stairs/stairs_outer_south_top",
	"textures": {
		"full":  "minecraft:block/polished_deepslate",
        "slab":  "minecraft:block/deepslate/polished_deepslate_slab",
		"north": "minecraft:block/deepslate/polished_deepslate_stairs_3",
		"east":  "minecraft:block/deepslate/polished_deepslate_stairs_2",
        "south": "minecraft:block/deepslate/polished_deepslate_stairs_3",
        "west":  "minecraft:block/deepslate/polished_deepslate_stairs_2",
        "down":  "minecraft:block/deepslate/polished_deepslate_stairs_1"
	}
}