{
	"credit": "Made with Blockbench",
	"textures": {
		"0": "block/oak_door_bottom",
		"1": "block/oak_door/oak_door_out_bottom",
		"2": "block/oak_door/oak_door_out_top",
		"particle": "block/oak_door_bottom"
	},
	"elements": [
		{
			"from": [0, 0, 0],
			"to": [3, 16, 16],
			"faces": {
				"north": {"uv": [0, 0, 3, 16], "texture": "#1"},
				"east": {"uv": [16, 0, 0, 16], "texture": "#0"},
				"south": {"uv": [4, 0, 7, 16], "texture": "#1"},
				"west": {"uv": [0, 0, 16, 16], "texture": "#0"},
				"up": {"uv": [8, 0, 11, 16], "texture": "#2"},
				"down": {"uv": [8, 0, 11, 16], "texture": "#1"}
			}
		}
	]
}