{
	"credit": "Made with Blockbench",
	"textures": {
		"0": "block/exposed_copper_trapdoor",
		"1": "block/exposed_copper_trapdoor/exposed_copper_trapdoor_out",
		"2": "block/exposed_copper_trapdoor/exposed_copper_trapdoor_in_topbot",
		"3": "block/exposed_copper_trapdoor/exposed_copper_trapdoor_in_sides",
		"particle": "block/exposed_copper_trapdoor"
	},
	"elements": [
		{
			"from": [0, 0, 0],
			"to": [16, 3, 3],
			"faces": {
				"north": {"uv": [0, 4, 16, 7], "texture": "#1"},
				"east": {"uv": [13, 8, 16, 11], "texture": "#1"},
				"south": {"uv": [0, 0, 16, 3], "texture": "#2"},
				"west": {"uv": [0, 0, 3, 3], "texture": "#1"},
				"up": {"uv": [0, 0, 16, 3], "texture": "#0"},
				"down": {"uv": [0, 3, 16, 0], "texture": "#0"}
			}
		},
		{
			"from": [0, 0, 13],
			"to": [16, 3, 16],
			"rotation": {"angle": 0, "axis": "y", "origin": [0, 0, 14]},
			"faces": {
				"north": {"uv": [0, 8, 16, 11], "texture": "#2"},
				"east": {"uv": [0, 8, 3, 11], "texture": "#1"},
				"south": {"uv": [0, 12, 16, 15], "texture": "#1"},
				"west": {"uv": [13, 0, 16, 3], "texture": "#1"},
				"up": {"uv": [0, 13, 16, 16], "texture": "#0"},
				"down": {"uv": [0, 16, 16, 13], "texture": "#0"}
			}
		},
		{
			"from": [0, 0, 3],
			"to": [3, 3, 13],
			"rotation": {"angle": 0, "axis": "y", "origin": [0, 0, 4]},
			"faces": {
				"north": {"uv": [0, 0, 3, 3], "texture": "#missing"},
				"east": {"uv": [3, 0, 13, 3], "texture": "#3"},
				"south": {"uv": [0, 0, 3, 3], "texture": "#missing"},
				"west": {"uv": [3, 0, 13, 3], "texture": "#1"},
				"up": {"uv": [0, 3, 3, 13], "texture": "#0"},
				"down": {"uv": [0, 13, 3, 3], "texture": "#0"}
			}
		},
		{
			"from": [13, 0, 3],
			"to": [16, 3, 13],
			"rotation": {"angle": 0, "axis": "y", "origin": [14, 0, 4]},
			"faces": {
				"north": {"uv": [0, 0, 3, 3], "texture": "#missing"},
				"east": {"uv": [3, 8, 13, 11], "texture": "#1"},
				"south": {"uv": [0, 0, 3, 3], "texture": "#missing"},
				"west": {"uv": [3, 12, 13, 15], "texture": "#3"},
				"up": {"uv": [13, 3, 16, 13], "texture": "#0"},
				"down": {"uv": [13, 13, 16, 3], "texture": "#0"}
			}
		},
		{
			"from": [12, 0, 11],
			"to": [13, 3, 13],
			"rotation": {"angle": 0, "axis": "y", "origin": [11, 0, 11]},
			"faces": {
				"north": {"uv": [1, 8, 2, 11], "texture": "#2"},
				"east": {"uv": [0, 0, 2, 3], "texture": "#missing"},
				"south": {"uv": [0, 0, 1, 3], "texture": "#missing"},
				"west": {"uv": [0, 0, 2, 3], "texture": "#missing"},
				"up": {"uv": [12, 11, 13, 13], "texture": "#0"},
				"down": {"uv": [12, 13, 13, 11], "texture": "#0"}
			}
		},
		{
			"from": [11, 0, 10],
			"to": [12, 3, 13],
			"rotation": {"angle": 0, "axis": "y", "origin": [10, 0, 10]},
			"faces": {
				"north": {"uv": [2, 8, 3, 11], "texture": "#2"},
				"east": {"uv": [3, 8, 6, 11], "texture": "#3"},
				"south": {"uv": [0, 0, 1, 3], "texture": "#missing"},
				"west": {"uv": [12, 0, 15, 3], "texture": "#3"},
				"up": {"uv": [11, 10, 12, 13], "texture": "#0"},
				"down": {"uv": [11, 13, 12, 10], "texture": "#0"}
			}
		},
		{
			"from": [10, 0, 9],
			"to": [11, 3, 12],
			"rotation": {"angle": 0, "axis": "y", "origin": [10, 0, 9]},
			"faces": {
				"north": {"uv": [3, 8, 4, 11], "texture": "#2"},
				"east": {"uv": [4, 8, 7, 11], "texture": "#3"},
				"south": {"uv": [10, 4, 11, 7], "texture": "#2"},
				"west": {"uv": [11, 0, 14, 3], "texture": "#3"},
				"up": {"uv": [10, 9, 11, 12], "texture": "#0"},
				"down": {"uv": [10, 12, 11, 9], "texture": "#0"}
			}
		},
		{
			"from": [9, 0, 10],
			"to": [10, 3, 11],
			"rotation": {"angle": 0, "axis": "y", "origin": [8, 0, 9]},
			"faces": {
				"north": {"uv": [0, 0, 1, 3], "texture": "#missing"},
				"east": {"uv": [0, 0, 1, 3], "texture": "#missing"},
				"south": {"uv": [9, 4, 10, 7], "texture": "#2"},
				"west": {"uv": [12, 0, 13, 3], "texture": "#3"},
				"up": {"uv": [9, 10, 10, 11], "texture": "#0"},
				"down": {"uv": [9, 11, 10, 10], "texture": "#0"}
			}
		},
		{
			"from": [3, 0, 11],
			"to": [4, 3, 13],
			"rotation": {"angle": 0, "axis": "y", "origin": [2, 0, 11]},
			"faces": {
				"north": {"uv": [14, 8, 15, 11], "texture": "#2"},
				"east": {"uv": [0, 0, 2, 3], "texture": "#missing"},
				"south": {"uv": [0, 0, 1, 3], "texture": "#missing"},
				"west": {"uv": [0, 0, 2, 3], "texture": "#missing"},
				"up": {"uv": [3, 11, 4, 13], "texture": "#0"},
				"down": {"uv": [3, 13, 4, 11], "texture": "#0"}
			}
		},
		{
			"from": [4, 0, 10],
			"to": [5, 3, 13],
			"rotation": {"angle": 0, "axis": "y", "origin": [3, 0, 10]},
			"faces": {
				"north": {"uv": [13, 8, 14, 11], "texture": "#2"},
				"east": {"uv": [1, 0, 4, 3], "texture": "#3"},
				"south": {"uv": [0, 0, 1, 3], "texture": "#missing"},
				"west": {"uv": [10, 8, 13, 11], "texture": "#3"},
				"up": {"uv": [4, 10, 5, 13], "texture": "#0"},
				"down": {"uv": [4, 13, 5, 10], "texture": "#0"}
			}
		},
		{
			"from": [5, 0, 9],
			"to": [6, 3, 12],
			"rotation": {"angle": 0, "axis": "y", "origin": [5, 0, 9]},
			"faces": {
				"north": {"uv": [12, 8, 13, 11], "texture": "#2"},
				"east": {"uv": [2, 0, 5, 3], "texture": "#3"},
				"south": {"uv": [5, 4, 6, 7], "texture": "#2"},
				"west": {"uv": [9, 8, 12, 11], "texture": "#3"},
				"up": {"uv": [5, 9, 6, 12], "texture": "#0"},
				"down": {"uv": [5, 12, 6, 9], "texture": "#0"}
			}
		},
		{
			"from": [6, 0, 10],
			"to": [7, 3, 11],
			"rotation": {"angle": 0, "axis": "y", "origin": [5, 0, 9]},
			"faces": {
				"north": {"uv": [0, 0, 1, 3], "texture": "#missing"},
				"east": {"uv": [3, 0, 4, 3], "texture": "#3"},
				"south": {"uv": [6, 4, 7, 7], "texture": "#2"},
				"west": {"uv": [0, 0, 1, 3], "texture": "#missing"},
				"up": {"uv": [6, 10, 7, 11], "texture": "#0"},
				"down": {"uv": [6, 11, 7, 10], "texture": "#0"}
			}
		},
		{
			"from": [3, 0, 3],
			"to": [4, 3, 5],
			"rotation": {"angle": 0, "axis": "y", "origin": [2, 0, 3]},
			"faces": {
				"north": {"uv": [0, 0, 1, 3], "texture": "#missing"},
				"east": {"uv": [0, 0, 2, 3], "texture": "#missing"},
				"south": {"uv": [1, 0, 2, 3], "texture": "#2"},
				"west": {"uv": [0, 0, 2, 3], "texture": "#missing"},
				"up": {"uv": [3, 3, 4, 5], "texture": "#0"},
				"down": {"uv": [3, 5, 4, 3], "texture": "#0"}
			}
		},
		{
			"from": [4, 0, 3],
			"to": [5, 3, 6],
			"rotation": {"angle": 0, "axis": "y", "origin": [3, 0, 3]},
			"faces": {
				"north": {"uv": [0, 0, 1, 3], "texture": "#missing"},
				"east": {"uv": [12, 8, 15, 11], "texture": "#3"},
				"south": {"uv": [2, 0, 3, 3], "texture": "#2"},
				"west": {"uv": [3, 8, 6, 11], "texture": "#3"},
				"up": {"uv": [4, 3, 5, 6], "texture": "#0"},
				"down": {"uv": [4, 6, 5, 3], "texture": "#0"}
			}
		},
		{
			"from": [5, 0, 4],
			"to": [6, 3, 7],
			"rotation": {"angle": 0, "axis": "y", "origin": [5, 0, 4]},
			"faces": {
				"north": {"uv": [10, 12, 11, 15], "texture": "#2"},
				"east": {"uv": [11, 8, 14, 11], "texture": "#3"},
				"south": {"uv": [3, 0, 4, 3], "texture": "#2"},
				"west": {"uv": [4, 8, 7, 11], "texture": "#3"},
				"up": {"uv": [5, 4, 6, 7], "texture": "#0"},
				"down": {"uv": [5, 7, 6, 4], "texture": "#0"}
			}
		},
		{
			"from": [6, 0, 5],
			"to": [7, 3, 6],
			"rotation": {"angle": 0, "axis": "y", "origin": [5, 0, 4]},
			"faces": {
				"north": {"uv": [9, 12, 10, 15], "texture": "#2"},
				"east": {"uv": [12, 8, 13, 11], "texture": "#3"},
				"south": {"uv": [0, 0, 1, 3], "texture": "#missing"},
				"west": {"uv": [0, 0, 1, 3], "texture": "#missing"},
				"up": {"uv": [6, 5, 7, 6], "texture": "#0"},
				"down": {"uv": [6, 6, 7, 5], "texture": "#0"}
			}
		},
		{
			"from": [12, 0, 3],
			"to": [13, 3, 5],
			"rotation": {"angle": 0, "axis": "y", "origin": [11, 0, 3]},
			"faces": {
				"north": {"uv": [0, 0, 1, 3], "texture": "#missing"},
				"east": {"uv": [0, 0, 2, 3], "texture": "#missing"},
				"south": {"uv": [14, 0, 15, 3], "texture": "#2"},
				"west": {"uv": [0, 0, 2, 3], "texture": "#missing"},
				"up": {"uv": [12, 3, 13, 5], "texture": "#0"},
				"down": {"uv": [12, 5, 13, 3], "texture": "#0"}
			}
		},
		{
			"from": [11, 0, 3],
			"to": [12, 3, 6],
			"rotation": {"angle": 0, "axis": "y", "origin": [10, 0, 3]},
			"faces": {
				"north": {"uv": [0, 0, 1, 3], "texture": "#missing"},
				"east": {"uv": [10, 8, 13, 11], "texture": "#3"},
				"south": {"uv": [13, 0, 14, 3], "texture": "#2"},
				"west": {"uv": [1, 8, 4, 11], "texture": "#3"},
				"up": {"uv": [11, 3, 12, 6], "texture": "#0"},
				"down": {"uv": [11, 6, 12, 3], "texture": "#0"}
			}
		},
		{
			"from": [10, 0, 4],
			"to": [11, 3, 7],
			"rotation": {"angle": 0, "axis": "y", "origin": [10, 0, 4]},
			"faces": {
				"north": {"uv": [5, 12, 6, 15], "texture": "#2"},
				"east": {"uv": [9, 8, 12, 11], "texture": "#3"},
				"south": {"uv": [12, 0, 13, 3], "texture": "#2"},
				"west": {"uv": [2, 8, 5, 11], "texture": "#3"},
				"up": {"uv": [10, 4, 11, 7], "texture": "#0"},
				"down": {"uv": [10, 7, 11, 4], "texture": "#0"}
			}
		},
		{
			"from": [9, 0, 5],
			"to": [10, 3, 6],
			"rotation": {"angle": 0, "axis": "y", "origin": [8, 0, 4]},
			"faces": {
				"north": {"uv": [6, 12, 7, 15], "texture": "#2"},
				"east": {"uv": [0, 0, 1, 3], "texture": "#missing"},
				"south": {"uv": [0, 0, 1, 3], "texture": "#missing"},
				"west": {"uv": [3, 8, 4, 11], "texture": "#3"},
				"up": {"uv": [9, 5, 10, 6], "texture": "#0"},
				"down": {"uv": [9, 6, 10, 5], "texture": "#0"}
			}
		},
		{
			"from": [6, 0, 6],
			"to": [10, 3, 7],
			"rotation": {"angle": 0, "axis": "y", "origin": [8, 0, 6]},
			"faces": {
				"north": {"uv": [6, 12, 10, 15], "texture": "#2"},
				"east": {"uv": [0, 0, 1, 3], "texture": "#missing"},
				"south": {"uv": [0, 12, 4, 15], "texture": "#2"},
				"west": {"uv": [0, 0, 1, 3], "texture": "#missing"},
				"up": {"uv": [6, 6, 10, 7], "texture": "#0"},
				"down": {"uv": [6, 10, 10, 9], "texture": "#0"}
			}
		},
		{
			"from": [6, 0, 9],
			"to": [10, 3, 10],
			"rotation": {"angle": 0, "axis": "y", "origin": [5, 0, 9]},
			"faces": {
				"north": {"uv": [0, 4, 4, 7], "texture": "#2"},
				"east": {"uv": [0, 0, 1, 3], "texture": "#missing"},
				"south": {"uv": [6, 4, 10, 7], "texture": "#2"},
				"west": {"uv": [0, 0, 1, 3], "texture": "#missing"},
				"up": {"uv": [6, 9, 10, 10], "texture": "#0"},
				"down": {"uv": [6, 10, 10, 9], "texture": "#0"}
			}
		},
		{
			"from": [6, 0, 7],
			"to": [7, 3, 9],
			"rotation": {"angle": 0, "axis": "y", "origin": [6, 0, 7]},
			"faces": {
				"north": {"uv": [0, 0, 1, 3], "texture": "#missing"},
				"east": {"uv": [1, 4, 3, 7], "texture": "#3"},
				"south": {"uv": [0, 0, 1, 3], "texture": "#missing"},
				"west": {"uv": [7, 8, 9, 11], "texture": "#3"},
				"up": {"uv": [6, 7, 7, 9], "texture": "#0"},
				"down": {"uv": [6, 9, 7, 7], "texture": "#0"}
			}
		},
		{
			"from": [9, 0, 7],
			"to": [10, 3, 9],
			"rotation": {"angle": 0, "axis": "y", "origin": [8, 0, 7]},
			"faces": {
				"north": {"uv": [0, 0, 1, 3], "texture": "#missing"},
				"east": {"uv": [7, 8, 9, 11], "texture": "#3"},
				"south": {"uv": [0, 0, 1, 3], "texture": "#missing"},
				"west": {"uv": [1, 12, 3, 15], "texture": "#3"},
				"up": {"uv": [9, 7, 10, 9], "texture": "#0"},
				"down": {"uv": [9, 9, 10, 7], "texture": "#0"}
			}
		}
	],
	"groups": [
		0,
		1,
		2,
		3,
		{
			"name": "group",
			"origin": [0, 0, 0],
			"color": 0,
			"children": [4, 5, 6, 7]
		},
		{
			"name": "group",
			"origin": [0, 0, 0],
			"color": 0,
			"children": [8, 9, 10, 11]
		},
		{
			"name": "group",
			"origin": [0, 0, 0],
			"color": 0,
			"children": [12, 13, 14, 15]
		},
		{
			"name": "group",
			"origin": [0, 0, 0],
			"color": 0,
			"children": [16, 17, 18, 19]
		},
		20,
		21,
		22,
		23
	]
}