{
	"credit": "Made with Blockbench",
	"textures": {
		"0": "block/pale_oak_trapdoor",
		"1": "block/pale_oak_trapdoor/pale_oak_trapdoor_out",
		"particle": "block/pale_oak_trapdoor"
	},
	"elements": [
		{
			"from": [0, 0, 13],
			"to": [16, 16, 16],
			"rotation": {"angle": 0, "axis": "y", "origin": [0, 0, 16]},
			"faces": {
				"north": {"uv": [0, 16, 16, 0], "rotation": 180, "texture": "#0"},
				"east": {"uv": [16, 8, 0, 11], "rotation": 90, "texture": "#1"},
				"south": {"uv": [0, 0, 16, 16], "texture": "#0"},
				"west": {"uv": [0, 0, 16, 3], "rotation": 270, "texture": "#1"},
				"up": {"uv": [16, 4, 0, 7], "texture": "#1"},
				"down": {"uv": [0, 12, 16, 15], "rotation": 180, "texture": "#1"}
			}
		}
	]
}