{
	"format_version": "1.21.6",
	"credit": "Made with Blockbench",
	"textures": {
		"2": "block/brewing_stand_sides",
		"particle": "block/brewing_stand",
		"stand": "block/brewing_stand"
	},
	"elements": [
		{
			"name": "pillar_e",
			"from": [9, 2, 7],
			"to": [11, 14, 9],
			"rotation": {"angle": 0, "axis": "y", "origin": [9, 2, 7]},
			"faces": {
				"north": {"uv": [5, 2, 7, 14], "texture": "#stand"},
				"east": {"uv": [3, 0, 5, 12], "texture": "#2"},
				"south": {"uv": [7, 2, 5, 14], "texture": "#stand"},
				"west": {"uv": [6, 4, 8, 16], "texture": "#2"},
				"up": {"uv": [10, 7, 12, 9], "texture": "#2"},
				"down": {"uv": [12, 0, 14, 2], "texture": "#2"}
			}
		},
		{
			"name": "holder_e0",
			"from": [11, 12, 7],
			"to": [12, 15, 9],
			"rotation": {"angle": 0, "axis": "y", "origin": [11, 12, 7]},
			"faces": {
				"north": {"uv": [4, 1, 5, 4], "texture": "#stand"},
				"east": {"uv": [0, 0, 2, 3], "texture": "#missing"},
				"south": {"uv": [4, 1, 5, 4], "texture": "#stand"},
				"west": {"uv": [0, 5, 2, 8], "texture": "#2"},
				"up": {"uv": [12, 7, 13, 9], "texture": "#2"},
				"down": {"uv": [13, 0, 14, 2], "texture": "#2"}
			}
		},
		{
			"name": "holder_e1",
			"from": [12, 12, 7],
			"to": [13, 16, 9],
			"rotation": {"angle": 0, "axis": "y", "origin": [11, 13, 7]},
			"faces": {
				"north": {"uv": [3, 0, 4, 4], "texture": "#stand"},
				"east": {"uv": [0, 0, 2, 4], "texture": "#2"},
				"south": {"uv": [3, 0, 4, 4], "texture": "#stand"},
				"west": {"uv": [0, 4, 2, 8], "texture": "#2"},
				"up": {"uv": [13, 7, 14, 9], "texture": "#2"},
				"down": {"uv": [12, 0, 13, 2], "texture": "#2"}
			}
		},
		{
			"name": "holder_e2",
			"from": [13, 11, 7],
			"to": [14, 13, 9],
			"rotation": {"angle": 0, "axis": "y", "origin": [12, 11, 7]},
			"faces": {
				"north": {"uv": [2, 3, 3, 5], "texture": "#stand"},
				"east": {"uv": [0, 4, 2, 6], "texture": "#2"},
				"south": {"uv": [2, 3, 3, 5], "texture": "#stand"},
				"west": {"uv": [0, 4, 2, 6], "texture": "#2"},
				"up": {"uv": [13, 7, 14, 9], "texture": "#2"},
				"down": {"uv": [13, 3, 14, 5], "texture": "#2"}
			}
		},
		{
			"name": "tube_e0",
			"from": [12, 10, 8],
			"to": [13, 12, 8],
			"rotation": {"angle": 0, "axis": "y", "origin": [12, 10, 8]},
			"faces": {
				"north": {"uv": [3, 4, 4, 6], "texture": "#stand"},
				"east": {"uv": [0, 0, 0, 3], "texture": "#missing"},
				"south": {"uv": [3, 4, 4, 6], "texture": "#stand"},
				"west": {"uv": [0, 0, 0, 3], "texture": "#missing"},
				"up": {"uv": [0, 0, 2, 0], "texture": "#missing"},
				"down": {"uv": [0, 0, 2, 0], "texture": "#missing"}
			}
		},
		{
			"name": "tube_e1",
			"from": [13, 9, 8],
			"to": [14, 10, 8],
			"rotation": {"angle": 0, "axis": "y", "origin": [12, 9, 8]},
			"faces": {
				"north": {"uv": [2, 6, 3, 7], "texture": "#stand"},
				"east": {"uv": [0, 0, 0, 3], "texture": "#missing"},
				"south": {"uv": [2, 6, 3, 7], "texture": "#stand"},
				"west": {"uv": [0, 0, 0, 3], "texture": "#missing"},
				"up": {"uv": [0, 0, 2, 0], "texture": "#missing"},
				"down": {"uv": [0, 0, 2, 0], "texture": "#missing"}
			}
		},
		{
			"name": "bottle_e0",
			"from": [11, 2, 8],
			"to": [16, 9, 8],
			"rotation": {"angle": -45, "axis": "y", "origin": [13.5, 5.5, 8]},
			"faces": {
				"north": {"uv": [0, 7, 5, 14], "texture": "#stand"},
				"east": {"uv": [0, 0, 0, 7], "texture": "#missing"},
				"south": {"uv": [0, 7, 5, 14], "texture": "#stand"},
				"west": {"uv": [0, 0, 0, 7], "texture": "#missing"},
				"up": {"uv": [0, 0, 5, 0], "rotation": 180, "texture": "#missing"},
				"down": {"uv": [0, 0, 5, 0], "rotation": 180, "texture": "#missing"}
			}
		},
		{
			"name": "bottle_e1",
			"from": [11, 2, 8],
			"to": [16, 9, 8],
			"rotation": {"angle": 45, "axis": "y", "origin": [13.5, 5.5, 8]},
			"faces": {
				"north": {"uv": [0, 7, 5, 14], "texture": "#stand"},
				"east": {"uv": [0, 0, 0, 7], "texture": "#missing"},
				"south": {"uv": [0, 7, 5, 14], "texture": "#stand"},
				"west": {"uv": [0, 0, 0, 7], "texture": "#missing"},
				"up": {"uv": [0, 0, 5, 0], "texture": "#missing"},
				"down": {"uv": [0, 0, 5, 0], "texture": "#missing"}
			}
		}
	],
	"groups": [
		{
			"name": "east",
			"origin": [13.5, 5.5, 8],
			"color": 0,
			"children": [0, 1, 2, 3, 4, 5, 6, 7]
		}
	]
}