{
	"credit": "Made with Blockbench",
	"textures": {
		"0": "block/chain",
		"particle": "block/chain"
	},
	"elements": [
		{
			"from": [7.5, 15, 8.5],
			"to": [8.5, 16, 9.5],
			"rotation": {"angle": 45, "axis": "y", "origin": [8, 15, 8]},
			"faces": {
				"north": {"uv": [3, 0, 4, 1], "texture": "#0"},
				"east": {"uv": [3, 0, 4, 1], "texture": "#0"},
				"south": {"uv": [3, 0, 4, 1], "texture": "#0"},
				"west": {"uv": [5, 0, 6, 1], "texture": "#0"},
				"up": {"uv": [3, 0, 4, 1], "rotation": 90, "texture": "#0"},
				"down": {"uv": [0, 0, 1, 1], "rotation": 270, "texture": "#0"}
			}
		},
		{
			"from": [7.5, 14, 6.5],
			"to": [8.5, 15, 9.5],
			"rotation": {"angle": 45, "axis": "y", "origin": [8, 14, 8]},
			"faces": {
				"north": {"uv": [5, 1, 6, 2], "texture": "#0"},
				"east": {"uv": [3, 1, 6, 2], "texture": "#0"},
				"south": {"uv": [3, 1, 4, 2], "texture": "#0"},
				"west": {"uv": [6, 1, 3, 2], "texture": "#0"},
				"up": {"uv": [0, 1, 3, 2], "rotation": 90, "texture": "#0"},
				"down": {"uv": [6, 1, 3, 2], "rotation": 270, "texture": "#0"}
			}
		},
		{
			"from": [7.5, 15, 6.5],
			"to": [8.5, 16, 7.5],
			"rotation": {"angle": 45, "axis": "y", "origin": [8, 15, 8]},
			"faces": {
				"north": {"uv": [5, 0, 6, 1], "texture": "#0"},
				"east": {"uv": [5, 0, 6, 1], "texture": "#0"},
				"south": {"uv": [5, 0, 6, 1], "texture": "#0"},
				"west": {"uv": [5, 0, 6, 1], "texture": "#0"},
				"up": {"uv": [5, 0, 6, 1], "rotation": 90, "texture": "#0"},
				"down": {"uv": [0, 0, 1, 1], "rotation": 270, "texture": "#0"}
			}
		},
		{
			"from": [6.5, 13, 7.5],
			"to": [7.5, 15, 8.5],
			"rotation": {"angle": 45, "axis": "y", "origin": [8, 12, 8]},
			"faces": {
				"north": {"uv": [2, 1, 3, 3], "texture": "#0"},
				"east": {"uv": [2, 1, 3, 3], "texture": "#0"},
				"south": {"uv": [2, 1, 3, 3], "texture": "#0"},
				"west": {"uv": [2, 1, 3, 3], "texture": "#0"},
				"up": {"uv": [2, 1, 3, 2], "rotation": 180, "texture": "#0"},
				"down": {"uv": [0, 0, 1, 1], "rotation": 180, "texture": "#0"}
			}
		},
		{
			"from": [8.5, 13, 7.5],
			"to": [9.5, 15, 8.5],
			"rotation": {"angle": 45, "axis": "y", "origin": [8, 12, 8]},
			"faces": {
				"north": {"uv": [0, 1, 1, 3], "texture": "#0"},
				"east": {"uv": [0, 1, 1, 3], "texture": "#0"},
				"south": {"uv": [0, 1, 1, 3], "texture": "#0"},
				"west": {"uv": [0, 1, 1, 3], "texture": "#0"},
				"up": {"uv": [0, 1, 1, 2], "rotation": 180, "texture": "#0"},
				"down": {"uv": [0, 0, 1, 1], "rotation": 180, "texture": "#0"}
			}
		},
		{
			"from": [6.5, 12, 7.5],
			"to": [9.5, 13, 8.5],
			"rotation": {"angle": 45, "axis": "y", "origin": [8, 12, 8]},
			"faces": {
				"north": {"uv": [3, 3, 0, 4], "texture": "#0"},
				"east": {"uv": [2, 3, 3, 4], "texture": "#0"},
				"south": {"uv": [0, 3, 3, 4], "texture": "#0"},
				"west": {"uv": [0, 3, 1, 4], "texture": "#0"},
				"up": {"uv": [3, 3, 6, 4], "rotation": 180, "texture": "#0"},
				"down": {"uv": [3, 3, 0, 4], "rotation": 180, "texture": "#0"}
			}
		},
		{
			"from": [7.5, 10, 8.5],
			"to": [8.5, 13, 9.5],
			"rotation": {"angle": 45, "axis": "y", "origin": [8, 10, 8]},
			"faces": {
				"north": {"uv": [5, 3, 6, 6], "texture": "#0"},
				"east": {"uv": [5, 3, 6, 6], "texture": "#0"},
				"south": {"uv": [5, 3, 6, 6], "texture": "#0"},
				"west": {"uv": [5, 3, 6, 6], "texture": "#0"},
				"up": {"uv": [5, 3, 6, 4], "rotation": 270, "texture": "#0"},
				"down": {"uv": [0, 0, 1, 1], "rotation": 90, "texture": "#0"}
			}
		},
		{
			"from": [7.5, 10, 6.5],
			"to": [8.5, 13, 7.5],
			"rotation": {"angle": 45, "axis": "y", "origin": [8, 10, 8]},
			"faces": {
				"north": {"uv": [3, 3, 4, 6], "texture": "#0"},
				"east": {"uv": [3, 3, 4, 6], "texture": "#0"},
				"south": {"uv": [3, 3, 4, 6], "texture": "#0"},
				"west": {"uv": [3, 3, 4, 6], "texture": "#0"},
				"up": {"uv": [3, 3, 4, 4], "rotation": 270, "texture": "#0"},
				"down": {"uv": [0, 0, 1, 1], "rotation": 90, "texture": "#0"}
			}
		},
		{
			"from": [7.5, 9, 6.5],
			"to": [8.5, 10, 9.5],
			"rotation": {"angle": 45, "axis": "y", "origin": [8, 9, 8]},
			"faces": {
				"north": {"uv": [5, 6, 6, 7], "texture": "#0"},
				"east": {"uv": [3, 6, 6, 7], "texture": "#0"},
				"south": {"uv": [3, 6, 4, 7], "texture": "#0"},
				"west": {"uv": [6, 6, 3, 7], "texture": "#0"},
				"up": {"uv": [0, 6, 3, 7], "rotation": 270, "texture": "#0"},
				"down": {"uv": [3, 6, 6, 7], "rotation": 90, "texture": "#0"}
			}
		},
		{
			"from": [8.5, 6, 7.5],
			"to": [9.5, 10, 8.5],
			"rotation": {"angle": 45, "axis": "y", "origin": [8, 6, 8]},
			"faces": {
				"north": {"uv": [2, 6, 3, 10], "texture": "#0"},
				"east": {"uv": [2, 6, 3, 10], "texture": "#0"},
				"south": {"uv": [2, 6, 3, 10], "texture": "#0"},
				"west": {"uv": [2, 6, 3, 10], "texture": "#0"},
				"up": {"uv": [2, 6, 3, 7], "texture": "#0"},
				"down": {"uv": [5, 12, 6, 13], "texture": "#0"}
			}
		},
		{
			"from": [6.5, 6, 7.5],
			"to": [7.5, 10, 8.5],
			"rotation": {"angle": 45, "axis": "y", "origin": [8, 6, 8]},
			"faces": {
				"north": {"uv": [0, 6, 1, 10], "texture": "#0"},
				"east": {"uv": [0, 6, 1, 10], "texture": "#0"},
				"south": {"uv": [0, 6, 1, 10], "texture": "#0"},
				"west": {"uv": [0, 6, 1, 10], "texture": "#0"},
				"up": {"uv": [0, 6, 1, 7], "texture": "#0"},
				"down": {"uv": [3, 12, 4, 13], "texture": "#0"}
			}
		},
		{
			"from": [8.5, 3, 7.5],
			"to": [9.5, 6, 8.5],
			"rotation": {"angle": -45, "axis": "y", "origin": [8, 3, 8]},
			"faces": {
				"north": {"uv": [0, 12, 1, 15], "texture": "#0"},
				"east": {"uv": [0, 12, 1, 15], "texture": "#0"},
				"south": {"uv": [0, 12, 1, 15], "texture": "#0"},
				"west": {"uv": [0, 12, 1, 15], "texture": "#0"},
				"up": {"uv": [0, 0, 1, 1], "texture": "#0"},
				"down": {"uv": [3, 12, 4, 13], "texture": "#0"}
			}
		},
		{
			"from": [6.5, 3, 7.5],
			"to": [7.5, 6, 8.5],
			"rotation": {"angle": -45, "axis": "y", "origin": [8, 3, 8]},
			"faces": {
				"north": {"uv": [2, 12, 3, 15], "texture": "#0"},
				"east": {"uv": [2, 12, 3, 15], "texture": "#0"},
				"south": {"uv": [2, 12, 3, 15], "texture": "#0"},
				"west": {"uv": [2, 12, 3, 15], "texture": "#0"},
				"up": {"uv": [0, 0, 1, 1], "texture": "#0"},
				"down": {"uv": [5, 12, 6, 13], "texture": "#0"}
			}
		},
		{
			"from": [6.5, 6, 7.5],
			"to": [9.5, 7, 8.5],
			"rotation": {"angle": -45, "axis": "y", "origin": [8, 3, 8]},
			"faces": {
				"north": {"uv": [3, 9, 6, 10], "texture": "#0"},
				"east": {"uv": [3, 9, 4, 10], "texture": "#0"},
				"south": {"uv": [6, 9, 3, 10], "texture": "#0"},
				"west": {"uv": [5, 9, 6, 10], "texture": "#0"},
				"up": {"uv": [3, 9, 6, 10], "texture": "#0"},
				"down": {"uv": [3, 12, 6, 13], "texture": "#0"}
			}
		},
		{
			"from": [8.5, 1, 7.5],
			"to": [9.5, 3, 8.5],
			"rotation": {"angle": 45, "axis": "y", "origin": [8, 1, 8]},
			"faces": {
				"north": {"uv": [2, 13, 3, 15], "texture": "#0"},
				"east": {"uv": [2, 13, 3, 15], "texture": "#0"},
				"south": {"uv": [2, 13, 3, 15], "texture": "#0"},
				"west": {"uv": [2, 13, 3, 15], "texture": "#0"},
				"up": {"uv": [0, 0, 1, 1], "texture": "#0"},
				"down": {"uv": [2, 14, 3, 15], "texture": "#0"}
			}
		},
		{
			"from": [6.5, 1, 7.5],
			"to": [7.5, 3, 8.5],
			"rotation": {"angle": 45, "axis": "y", "origin": [8, 1, 8]},
			"faces": {
				"north": {"uv": [0, 13, 1, 15], "texture": "#0"},
				"east": {"uv": [0, 13, 1, 15], "texture": "#0"},
				"south": {"uv": [0, 13, 1, 15], "texture": "#0"},
				"west": {"uv": [0, 13, 1, 15], "texture": "#0"},
				"up": {"uv": [0, 0, 1, 1], "texture": "#0"},
				"down": {"uv": [0, 14, 1, 15], "texture": "#0"}
			}
		},
		{
			"from": [6.5, 3, 7.5],
			"to": [9.5, 4, 8.5],
			"rotation": {"angle": 45, "axis": "y", "origin": [8, 1, 8]},
			"faces": {
				"north": {"uv": [3, 12, 0, 13], "texture": "#0"},
				"east": {"uv": [2, 12, 3, 13], "texture": "#0"},
				"south": {"uv": [0, 12, 3, 13], "texture": "#0"},
				"west": {"uv": [3, 14, 4, 15], "texture": "#0"},
				"up": {"uv": [0, 12, 3, 13], "texture": "#0"},
				"down": {"uv": [3, 12, 6, 13], "texture": "#0"}
			}
		},
		{
			"from": [7.5, 0, 8.5],
			"to": [8.5, 1, 9.5],
			"rotation": {"angle": 45, "axis": "y", "origin": [8, -1, 8]},
			"faces": {
				"north": {"uv": [3, 15, 4, 16], "texture": "#0"},
				"east": {"uv": [3, 15, 4, 16], "texture": "#0"},
				"south": {"uv": [3, 15, 4, 16], "texture": "#0"},
				"west": {"uv": [3, 15, 4, 16], "texture": "#0"},
				"up": {"uv": [3, 15, 4, 16], "rotation": 90, "texture": "#0"},
				"down": {"uv": [3, 15, 4, 16], "rotation": 270, "texture": "#0"}
			}
		},
		{
			"from": [7.5, 0, 6.5],
			"to": [8.5, 1, 7.5],
			"rotation": {"angle": 45, "axis": "y", "origin": [8, -1, 8]},
			"faces": {
				"north": {"uv": [5, 15, 6, 16], "texture": "#0"},
				"east": {"uv": [5, 15, 6, 16], "texture": "#0"},
				"south": {"uv": [5, 15, 6, 16], "texture": "#0"},
				"west": {"uv": [5, 15, 6, 16], "texture": "#0"},
				"up": {"uv": [5, 15, 6, 16], "rotation": 90, "texture": "#0"},
				"down": {"uv": [5, 15, 6, 16], "rotation": 270, "texture": "#0"}
			}
		},
		{
			"from": [7.5, 1, 6.5],
			"to": [8.5, 2, 9.5],
			"rotation": {"angle": 45, "axis": "y", "origin": [8, 0, 8]},
			"faces": {
				"north": {"uv": [5, 14, 6, 15], "texture": "#0"},
				"east": {"uv": [3, 14, 6, 15], "texture": "#0"},
				"south": {"uv": [3, 14, 4, 15], "texture": "#0"},
				"west": {"uv": [6, 14, 3, 15], "texture": "#0"},
				"up": {"uv": [6, 14, 3, 15], "rotation": 90, "texture": "#0"},
				"down": {"uv": [3, 14, 6, 15], "rotation": 270, "texture": "#0"}
			}
		}
	],
	"groups": [
		{
			"name": "1",
			"origin": [8.5, 15, 7.5],
			"color": 0,
			"children": [0, 1, 2]
		},
		{
			"name": "2",
			"origin": [8.5, 12, 7.5],
			"color": 0,
			"children": [3, 4, 5]
		},
		{
			"name": "3",
			"origin": [8.5, 9, 7.5],
			"color": 0,
			"children": [6, 7, 8]
		},
		{
			"name": "4",
			"origin": [8.5, 6, 7.5],
			"color": 0,
			"children": [9, 10]
		},
		{
			"name": "5",
			"origin": [8.5, 3, 7.5],
			"color": 0,
			"children": [11, 12, 13]
		},
		{
			"name": "6",
			"origin": [8.5, 1, 7.5],
			"color": 0,
			"children": [14, 15, 16]
		},
		{
			"name": "7",
			"origin": [8.5, 0, 7.5],
			"color": 0,
			"children": [17, 18, 19]
		}
	]
}