{
	"credit": "Made with Blockbench",
	"textures": {
		"0": "block/ladder",
		"particle": "block/ladder"
	},
	"elements": [
		{
			"name": "l",
			"from": [12, 0, 15],
			"to": [14, 16, 16],
			"rotation": {"angle": 0, "axis": "y", "origin": [6, 8, 23]},
			"faces": {
				"north": {"uv": [2, 0, 4, 16], "texture": "#0"},
				"east": {"uv": [13, 0, 12, 16], "texture": "#0"},
				"south": {"uv": [4, 0, 2, 16], "texture": "#0"},
				"west": {"uv": [14, 0, 13, 16], "texture": "#0"},
				"up": {"uv": [4, 0, 2, 1], "texture": "#0"},
				"down": {"uv": [4, 15, 2, 16], "texture": "#0"}
			}
		},
		{
			"name": "r",
			"from": [2, 0, 15],
			"to": [4, 16, 16],
			"rotation": {"angle": 0, "axis": "y", "origin": [-4, 8, 23]},
			"faces": {
				"north": {"uv": [12, 0, 14, 16], "texture": "#0"},
				"east": {"uv": [4, 0, 3, 16], "texture": "#0"},
				"south": {"uv": [14, 0, 12, 16], "texture": "#0"},
				"west": {"uv": [3, 0, 2, 16], "texture": "#0"},
				"up": {"uv": [14, 0, 12, 1], "texture": "#0"},
				"down": {"uv": [14, 15, 12, 16], "texture": "#0"}
			}
		},
		{
			"name": "0",
			"from": [14, 1, 15],
			"to": [15, 3, 16],
			"rotation": {"angle": 0, "axis": "y", "origin": [7, 9, 23]},
			"faces": {
				"north": {"uv": [2, 13, 1, 15], "texture": "#0"},
				"east": {"uv": [2, 13, 1, 15], "texture": "#0"},
				"south": {"uv": [2, 13, 1, 15], "texture": "#0"},
				"west": {"uv": [1, 0, 0, 2], "texture": "#0"},
				"up": {"uv": [2, 13, 1, 14], "texture": "#0"},
				"down": {"uv": [2, 14, 1, 15], "texture": "#0"}
			}
		},
		{
			"name": "1",
			"from": [14, 5, 15],
			"to": [15, 7, 16],
			"rotation": {"angle": 0, "axis": "y", "origin": [7, 13, 23]},
			"faces": {
				"north": {"uv": [2, 9, 1, 11], "texture": "#0"},
				"east": {"uv": [2, 9, 1, 11], "texture": "#0"},
				"south": {"uv": [2, 9, 1, 11], "texture": "#0"},
				"west": {"uv": [1, 0, 0, 2], "texture": "#0"},
				"up": {"uv": [2, 9, 1, 10], "texture": "#0"},
				"down": {"uv": [2, 10, 1, 11], "texture": "#0"}
			}
		},
		{
			"name": "2",
			"from": [14, 9, 15],
			"to": [15, 11, 16],
			"rotation": {"angle": 0, "axis": "y", "origin": [7, 17, 23]},
			"faces": {
				"north": {"uv": [2, 5, 1, 7], "texture": "#0"},
				"east": {"uv": [2, 5, 1, 7], "texture": "#0"},
				"south": {"uv": [2, 5, 1, 7], "texture": "#0"},
				"west": {"uv": [1, 0, 0, 2], "texture": "#0"},
				"up": {"uv": [2, 5, 1, 6], "texture": "#0"},
				"down": {"uv": [2, 6, 1, 7], "texture": "#0"}
			}
		},
		{
			"name": "4",
			"from": [14, 13, 15],
			"to": [15, 15, 16],
			"rotation": {"angle": 0, "axis": "y", "origin": [7, 21, 23]},
			"faces": {
				"north": {"uv": [2, 1, 1, 3], "texture": "#0"},
				"east": {"uv": [2, 1, 1, 3], "texture": "#0"},
				"south": {"uv": [2, 1, 1, 3], "texture": "#0"},
				"west": {"uv": [1, 0, 0, 2], "texture": "#0"},
				"up": {"uv": [2, 1, 1, 2], "texture": "#0"},
				"down": {"uv": [2, 2, 1, 3], "texture": "#0"}
			}
		},
		{
			"name": "0",
			"from": [4, 1, 15],
			"to": [12, 3, 16],
			"rotation": {"angle": 0, "axis": "y", "origin": [4, 9, 23]},
			"faces": {
				"north": {"uv": [4, 13, 12, 15], "texture": "#0"},
				"east": {"uv": [1, 0, 0, 2], "texture": "#0"},
				"south": {"uv": [12, 5, 4, 7], "texture": "#0"},
				"west": {"uv": [1, 0, 0, 2], "texture": "#0"},
				"up": {"uv": [12, 13, 4, 14], "texture": "#0"},
				"down": {"uv": [12, 14, 4, 15], "texture": "#0"}
			}
		},
		{
			"name": "1",
			"from": [4, 5, 15],
			"to": [12, 7, 16],
			"rotation": {"angle": 0, "axis": "y", "origin": [4, 13, 23]},
			"faces": {
				"north": {"uv": [4, 9, 12, 11], "texture": "#0"},
				"east": {"uv": [1, 0, 0, 2], "texture": "#0"},
				"south": {"uv": [12, 5, 4, 7], "texture": "#0"},
				"west": {"uv": [1, 0, 0, 2], "texture": "#0"},
				"up": {"uv": [12, 9, 4, 10], "texture": "#0"},
				"down": {"uv": [12, 10, 4, 11], "texture": "#0"}
			}
		},
		{
			"name": "2",
			"from": [4, 9, 15],
			"to": [12, 11, 16],
			"rotation": {"angle": 0, "axis": "y", "origin": [4, 17, 23]},
			"faces": {
				"north": {"uv": [4, 5, 12, 7], "texture": "#0"},
				"east": {"uv": [1, 0, 0, 2], "texture": "#0"},
				"south": {"uv": [12, 5, 4, 7], "texture": "#0"},
				"west": {"uv": [1, 0, 0, 2], "texture": "#0"},
				"up": {"uv": [12, 5, 4, 6], "texture": "#0"},
				"down": {"uv": [12, 6, 4, 7], "texture": "#0"}
			}
		},
		{
			"name": "3",
			"from": [4, 13, 15],
			"to": [12, 15, 16],
			"rotation": {"angle": 0, "axis": "y", "origin": [4, 21, 23]},
			"faces": {
				"north": {"uv": [4, 1, 12, 3], "texture": "#0"},
				"east": {"uv": [1, 0, 0, 2], "texture": "#0"},
				"south": {"uv": [12, 1, 4, 3], "texture": "#0"},
				"west": {"uv": [1, 0, 0, 2], "texture": "#0"},
				"up": {"uv": [12, 1, 4, 2], "texture": "#0"},
				"down": {"uv": [12, 2, 4, 3], "texture": "#0"}
			}
		},
		{
			"name": "1",
			"from": [1, 1, 15],
			"to": [2, 3, 16],
			"rotation": {"angle": 0, "axis": "y", "origin": [-6, 9, 23]},
			"faces": {
				"north": {"uv": [15, 13, 14, 15], "texture": "#0"},
				"east": {"uv": [1, 0, 0, 2], "texture": "#0"},
				"south": {"uv": [15, 13, 14, 15], "texture": "#0"},
				"west": {"uv": [15, 1, 14, 3], "texture": "#0"},
				"up": {"uv": [15, 13, 14, 14], "texture": "#0"},
				"down": {"uv": [15, 14, 14, 15], "texture": "#0"}
			}
		},
		{
			"name": "2",
			"from": [1, 5, 15],
			"to": [2, 7, 16],
			"rotation": {"angle": 0, "axis": "y", "origin": [-6, 13, 23]},
			"faces": {
				"north": {"uv": [15, 9, 14, 11], "texture": "#0"},
				"east": {"uv": [1, 0, 0, 2], "texture": "#0"},
				"south": {"uv": [15, 9, 14, 11], "texture": "#0"},
				"west": {"uv": [15, 5, 14, 7], "texture": "#0"},
				"up": {"uv": [15, 9, 14, 10], "texture": "#0"},
				"down": {"uv": [15, 10, 14, 11], "texture": "#0"}
			}
		},
		{
			"name": "3",
			"from": [1, 9, 15],
			"to": [2, 11, 16],
			"rotation": {"angle": 0, "axis": "y", "origin": [-6, 17, 23]},
			"faces": {
				"north": {"uv": [15, 5, 14, 7], "texture": "#0"},
				"east": {"uv": [1, 0, 0, 2], "texture": "#0"},
				"south": {"uv": [15, 5, 14, 7], "texture": "#0"},
				"west": {"uv": [15, 9, 14, 11], "texture": "#0"},
				"up": {"uv": [15, 5, 14, 6], "texture": "#0"},
				"down": {"uv": [15, 6, 14, 7], "texture": "#0"}
			}
		},
		{
			"name": "5",
			"from": [1, 13, 15],
			"to": [2, 15, 16],
			"rotation": {"angle": 0, "axis": "y", "origin": [-6, 21, 23]},
			"faces": {
				"north": {"uv": [15, 1, 14, 3], "texture": "#0"},
				"east": {"uv": [1, 0, 0, 2], "texture": "#0"},
				"south": {"uv": [15, 1, 14, 3], "texture": "#0"},
				"west": {"uv": [15, 13, 14, 15], "texture": "#0"},
				"up": {"uv": [15, 1, 14, 2], "texture": "#0"},
				"down": {"uv": [15, 2, 14, 3], "texture": "#0"}
			}
		}
	],
	"groups": [
		{
			"name": "V",
			"origin": [20, 8, 8],
			"children": [0, 1]
		},
		{
			"name": "H l",
			"origin": [9, 21, 8],
			"children": [2, 3, 4, 5]
		},
		{
			"name": "H m",
			"origin": [12, 21, 8],
			"children": [6, 7, 8, 9]
		},
		{
			"name": "H r",
			"origin": [9, 21, 8],
			"children": [10, 11, 12, 13]
		}
	]
}