{
	"credit": "Made with Blockbench",
	"textures": {
		"0": "block/crimson_door_top",
		"1": "block/crimson_door/crimson_door_out_top",
		"2": "block/crimson_door/crimson_door_out_bottom",
		"particle": "block/crimson_door_top"
	},
	"elements": [
		{
			"from": [0, 0, 0],
			"to": [3, 16, 16],
			"faces": {
				"north": {"uv": [7, 0, 4, 16], "texture": "#1"},
				"east": {"uv": [0, 0, 16, 16], "texture": "#0"},
				"south": {"uv": [3, 0, 0, 16], "texture": "#1"},
				"west": {"uv": [16, 0, 0, 16], "texture": "#0"},
				"up": {"uv": [8, 16, 11, 0], "texture": "#1"},
				"down": {"uv": [8, 16, 11, 0], "texture": "#2"}
			}
		}
	]
}