{
	"credit": "Made with Blockbench",
	"textures": {
		"0": "block/iron_door_top",
		"1": "block/iron_door/oak_door_in_sides",
		"2": "block/iron_door/oak_door_in_topbot",
		"3": "block/iron_door/iron_door_out_top",
		"particle": "block/iron_door_top"
	},
	"elements": [
		{
			"from": [0, 0, 0],
			"to": [3, 5, 16],
			"faces": {
				"north": {"uv": [7, 11, 4, 16], "texture": "#3"},
				"east": {"uv": [0, 11, 16, 16], "texture": "#0"},
				"south": {"uv": [3, 11, 0, 16], "texture": "#3"},
				"west": {"uv": [16, 11, 0, 16], "texture": "#0"},
				"up": {"uv": [4, 16, 7, 0], "texture": "#2"},
				"down": {"uv": [0, 16, 3, 0], "texture": "#missing"}
			}
		},
		{
			"from": [0, 5, 13],
			"to": [3, 13, 16],
			"rotation": {"angle": 0, "axis": "y", "origin": [8, 13, 8]},
			"faces": {
				"north": {"uv": [3, 0, 0, 8], "texture": "#1"},
				"east": {"uv": [0, 3, 3, 11], "texture": "#0"},
				"south": {"uv": [3, 3, 0, 11], "texture": "#3"},
				"west": {"uv": [3, 3, 0, 11], "texture": "#0"},
				"up": {"uv": [0, 3, 3, 0], "texture": "#missing"},
				"down": {"uv": [0, 3, 3, 0], "texture": "#missing"}
			}
		},
		{
			"from": [0, 5, 0],
			"to": [3, 13, 3],
			"rotation": {"angle": 0, "axis": "y", "origin": [8, 13, -7]},
			"faces": {
				"north": {"uv": [7, 3, 4, 11], "texture": "#3"},
				"east": {"uv": [13, 3, 16, 11], "texture": "#0"},
				"south": {"uv": [15, 0, 12, 8], "texture": "#1"},
				"west": {"uv": [16, 3, 13, 11], "texture": "#0"},
				"up": {"uv": [0, 3, 3, 0], "texture": "#missing"},
				"down": {"uv": [0, 3, 3, 0], "texture": "#missing"}
			}
		},
		{
			"from": [0, 13, 0],
			"to": [3, 16, 16],
			"rotation": {"angle": 0, "axis": "y", "origin": [8, 21, 8]},
			"faces": {
				"north": {"uv": [7, 0, 4, 3], "texture": "#3"},
				"east": {"uv": [0, 0, 16, 3], "texture": "#0"},
				"south": {"uv": [3, 0, 0, 3], "texture": "#3"},
				"west": {"uv": [16, 0, 0, 3], "texture": "#0"},
				"up": {"uv": [8, 16, 11, 0], "texture": "#3"},
				"down": {"uv": [12, 16, 15, 0], "texture": "#2"}
			}
		},
		{
			"from": [0, 5, 7],
			"to": [3, 13, 9],
			"rotation": {"angle": 0, "axis": "y", "origin": [8, 13, 1]},
			"faces": {
				"north": {"uv": [7, 0, 4, 8], "texture": "#1"},
				"east": {"uv": [7, 3, 9, 11], "texture": "#0"},
				"south": {"uv": [11, 0, 8, 8], "texture": "#1"},
				"west": {"uv": [9, 3, 7, 11], "texture": "#0"},
				"up": {"uv": [0, 2, 3, 0], "texture": "#missing"},
				"down": {"uv": [0, 2, 3, 0], "texture": "#missing"}
			}
		},
		{
			"from": [0, 8, 9],
			"to": [3, 10, 13],
			"rotation": {"angle": 0, "axis": "y", "origin": [8, 16, 5]},
			"faces": {
				"north": {"uv": [3, 0, 0, 2], "texture": "#missing"},
				"east": {"uv": [3, 6, 7, 8], "texture": "#0"},
				"south": {"uv": [3, 0, 0, 2], "texture": "#missing"},
				"west": {"uv": [7, 6, 3, 8], "texture": "#0"},
				"up": {"uv": [0, 7, 3, 3], "texture": "#2"},
				"down": {"uv": [8, 7, 11, 3], "texture": "#2"}
			}
		},
		{
			"from": [0, 8, 3],
			"to": [3, 10, 7],
			"rotation": {"angle": 0, "axis": "y", "origin": [8, 16, -1]},
			"faces": {
				"north": {"uv": [3, 0, 0, 2], "texture": "#missing"},
				"east": {"uv": [9, 6, 13, 8], "texture": "#0"},
				"south": {"uv": [3, 0, 0, 2], "texture": "#missing"},
				"west": {"uv": [13, 6, 9, 8], "texture": "#0"},
				"up": {"uv": [0, 13, 3, 9], "texture": "#2"},
				"down": {"uv": [8, 13, 11, 9], "texture": "#2"}
			}
		}
	]
}