{
	"credit": "Made with Blockbench",
	"textures": {
		"0": "block/mangrove_trapdoor",
		"1": "block/mangrove_trapdoor/mangrove_trapdoor_in",
		"2": "block/mangrove_trapdoor/mangrove_trapdoor_out",
		"particle": "block/mangrove_trapdoor"
	},
	"elements": [
		{
			"from": [0, 0, 0],
			"to": [16, 3, 5],
			"faces": {
				"north": {"uv": [0, 12, 16, 15], "texture": "#2"},
				"east": {"uv": [11, 0, 16, 3], "texture": "#2"},
				"south": {"uv": [0, 12, 16, 15], "texture": "#1"},
				"west": {"uv": [0, 8, 5, 11], "texture": "#2"},
				"up": {"uv": [16, 16, 0, 11], "texture": "#0"},
				"down": {"uv": [0, 11, 16, 16], "texture": "#0"}
			}
		},
		{
			"from": [11, 0, 5],
			"to": [16, 3, 11],
			"rotation": {"angle": 0, "axis": "y", "origin": [14, 0, 5]},
			"faces": {
				"north": {"uv": [0, 0, 5, 3], "texture": "#missing"},
				"east": {"uv": [5, 0, 11, 3], "texture": "#2"},
				"south": {"uv": [0, 0, 5, 3], "texture": "#missing"},
				"west": {"uv": [5, 0, 11, 3], "texture": "#1"},
				"up": {"uv": [5, 11, 0, 5], "texture": "#0"},
				"down": {"uv": [11, 5, 16, 11], "texture": "#0"}
			}
		},
		{
			"from": [0, 0, 5],
			"to": [5, 3, 11],
			"rotation": {"angle": 0, "axis": "y", "origin": [0, 0, 5]},
			"faces": {
				"north": {"uv": [0, 0, 5, 3], "texture": "#missing"},
				"east": {"uv": [5, 8, 11, 11], "texture": "#1"},
				"south": {"uv": [0, 0, 5, 3], "texture": "#missing"},
				"west": {"uv": [5, 8, 11, 11], "texture": "#2"},
				"up": {"uv": [16, 11, 11, 5], "texture": "#0"},
				"down": {"uv": [0, 5, 5, 11], "texture": "#0"}
			}
		},
		{
			"from": [0, 0, 11],
			"to": [16, 3, 16],
			"rotation": {"angle": 0, "axis": "y", "origin": [0, 0, 11]},
			"faces": {
				"north": {"uv": [0, 4, 16, 7], "texture": "#1"},
				"east": {"uv": [0, 0, 5, 3], "texture": "#2"},
				"south": {"uv": [0, 4, 16, 7], "texture": "#2"},
				"west": {"uv": [11, 8, 16, 11], "texture": "#2"},
				"up": {"uv": [16, 5, 0, 0], "texture": "#0"},
				"down": {"uv": [0, 0, 16, 5], "texture": "#0"}
			}
		},
		{
			"from": [10, 0, 5],
			"to": [11, 3, 6],
			"rotation": {"angle": 0, "axis": "y", "origin": [9, 0, 5]},
			"faces": {
				"north": {"uv": [0, 0, 1, 3], "texture": "#missing"},
				"east": {"uv": [0, 0, 1, 3], "texture": "#missing"},
				"south": {"uv": [2, 12, 3, 15], "texture": "#1"},
				"west": {"uv": [0, 12, 1, 15], "texture": "#1"},
				"up": {"uv": [5, 10, 6, 11], "texture": "#0"},
				"down": {"uv": [10, 10, 11, 11], "texture": "#0"}
			}
		},
		{
			"from": [5, 0, 5],
			"to": [6, 3, 6],
			"rotation": {"angle": 0, "axis": "y", "origin": [4, 0, 5]},
			"faces": {
				"north": {"uv": [0, 0, 1, 3], "texture": "#missing"},
				"east": {"uv": [15, 12, 16, 15], "texture": "#1"},
				"south": {"uv": [13, 12, 14, 15], "texture": "#1"},
				"west": {"uv": [0, 0, 1, 3], "texture": "#missing"},
				"up": {"uv": [10, 10, 11, 11], "texture": "#0"},
				"down": {"uv": [5, 10, 6, 11], "texture": "#0"}
			}
		},
		{
			"from": [5, 0, 10],
			"to": [6, 3, 11],
			"rotation": {"angle": 0, "axis": "y", "origin": [4, 0, 10]},
			"faces": {
				"north": {"uv": [15, 0, 16, 3], "texture": "#1"},
				"east": {"uv": [13, 0, 14, 3], "texture": "#1"},
				"south": {"uv": [0, 0, 1, 3], "texture": "#missing"},
				"west": {"uv": [0, 0, 1, 3], "texture": "#missing"},
				"up": {"uv": [10, 5, 11, 6], "texture": "#0"},
				"down": {"uv": [5, 5, 6, 6], "texture": "#0"}
			}
		},
		{
			"from": [10, 0, 10],
			"to": [11, 3, 11],
			"rotation": {"angle": 0, "axis": "y", "origin": [9, 0, 10]},
			"faces": {
				"north": {"uv": [0, 0, 1, 3], "texture": "#1"},
				"east": {"uv": [0, 0, 1, 3], "texture": "#missing"},
				"south": {"uv": [0, 0, 1, 3], "texture": "#missing"},
				"west": {"uv": [2, 0, 3, 3], "texture": "#1"},
				"up": {"uv": [5, 5, 6, 6], "texture": "#0"},
				"down": {"uv": [10, 5, 11, 6], "texture": "#0"}
			}
		}
	]
}