{
	"credit": "Made with Blockbench",
	"textures": {
		"0": "block/acacia_trapdoor",
		"1": "block/acacia_trapdoor/acacia_trapdoor_in",
		"2": "block/acacia_trapdoor/acacia_trapdoor_out",
		"particle": "block/acacia_trapdoor"
	},
	"elements": [
		{
			"from": [0, 0, 0],
			"to": [16, 3, 3],
			"faces": {
				"north": {"uv": [0, 12, 16, 15], "texture": "#2"},
				"east": {"uv": [13, 0, 16, 3], "texture": "#2"},
				"south": {"uv": [0, 3, 16, 6], "texture": "#1"},
				"west": {"uv": [0, 8, 3, 11], "texture": "#2"},
				"up": {"uv": [16, 16, 0, 13], "texture": "#0"},
				"down": {"uv": [16, 13, 0, 16], "texture": "#0"}
			}
		},
		{
			"from": [14, 0, 3],
			"to": [16, 3, 13],
			"rotation": {"angle": 0, "axis": "y", "origin": [14, 0, 3]},
			"faces": {
				"north": {"uv": [0, 0, 2, 3], "texture": "#missing"},
				"east": {"uv": [3, 0, 13, 3], "texture": "#2"},
				"south": {"uv": [0, 0, 2, 3], "texture": "#missing"},
				"west": {"uv": [0, 6, 3, 16], "rotation": 90, "texture": "#1"},
				"up": {"uv": [2, 13, 0, 3], "texture": "#0"},
				"down": {"uv": [16, 3, 14, 13], "texture": "#0"}
			}
		},
		{
			"from": [9, 0, 3],
			"to": [12, 3, 13],
			"rotation": {"angle": 0, "axis": "y", "origin": [10, 0, 3]},
			"faces": {
				"north": {"uv": [0, 0, 3, 3], "texture": "#missing"},
				"east": {"uv": [3, 10, 13, 13], "texture": "#1"},
				"south": {"uv": [0, 0, 3, 3], "texture": "#missing"},
				"west": {"uv": [4, 0, 7, 10], "rotation": 90, "texture": "#1"},
				"up": {"uv": [7, 13, 4, 3], "texture": "#0"},
				"down": {"uv": [12, 3, 9, 13], "texture": "#0"}
			}
		},
		{
			"from": [4, 0, 3],
			"to": [7, 3, 13],
			"rotation": {"angle": 0, "axis": "y", "origin": [4, 0, 3]},
			"faces": {
				"north": {"uv": [0, 0, 3, 3], "texture": "#missing"},
				"east": {"uv": [3, 13, 13, 16], "texture": "#1"},
				"south": {"uv": [0, 0, 3, 3], "texture": "#missing"},
				"west": {"uv": [9, 0, 12, 10], "rotation": 90, "texture": "#1"},
				"up": {"uv": [12, 13, 9, 3], "texture": "#0"},
				"down": {"uv": [7, 3, 4, 13], "texture": "#0"}
			}
		},
		{
			"from": [0, 0, 3],
			"to": [2, 3, 13],
			"rotation": {"angle": 0, "axis": "y", "origin": [0, 0, 3]},
			"faces": {
				"north": {"uv": [0, 0, 2, 3], "texture": "#missing"},
				"east": {"uv": [13, 6, 16, 16], "rotation": 270, "texture": "#1"},
				"south": {"uv": [0, 0, 2, 3], "texture": "#missing"},
				"west": {"uv": [3, 8, 13, 11], "texture": "#2"},
				"up": {"uv": [16, 13, 14, 3], "texture": "#0"},
				"down": {"uv": [2, 3, 0, 13], "texture": "#0"}
			}
		},
		{
			"from": [0, 0, 13],
			"to": [16, 3, 16],
			"rotation": {"angle": 0, "axis": "y", "origin": [0, 0, 13]},
			"faces": {
				"north": {"uv": [0, 0, 16, 3], "texture": "#1"},
				"east": {"uv": [0, 0, 3, 3], "texture": "#2"},
				"south": {"uv": [0, 4, 16, 7], "texture": "#2"},
				"west": {"uv": [13, 8, 16, 11], "texture": "#2"},
				"up": {"uv": [16, 3, 0, 0], "texture": "#0"},
				"down": {"uv": [16, 0, 0, 3], "texture": "#0"}
			}
		}
	]
}